state,year,fertilizer,pesticide,avg_temp_c,total_rainfall_mm,avg_humidity_percent,n,p,k,ph,yield
assam,1997,57802260.86,188280.98,22.41,1468.92,70.71,60,18,38,5.8,0.780869565
assam,1997,16652275.58,54241.94,22.41,1468.92,70.71,60,18,38,5.8,1.060434783
assam,1997,165911859.6,540429.51,22.41,1468.92,70.71,60,18,38,5.8,0.941304348
karnataka,1997,98170710.1,319774.3,23.55,894.16,69.61,72,42,25,6.9,2.2335
karnataka,1997,5128616.13,16705.59,23.55,894.16,69.61,72,42,25,6.9,2.073846154
karnataka,1997,25509747.48,83093.64,23.55,894.16,69.61,72,42,25,6.9,2.829444444
meghalaya,1997,10009028.9,32602.7,17.16,1954.46,77.31,52,16,33,5.6,1.378571429
west bengal,1997,40268425.57,131167.51,25.85,1564.19,72.28,85,40,45,6.2,1.837222222
west bengal,1997,114853915.9,374116.99,25.85,1564.19,72.28,85,40,45,6.2,2.843888889
west bengal,1997,406407115.8,1323801.68,25.85,1564.19,72.28,85,40,45,6.2,1.985555556
puducherry,1998,488566.0,1434.05,28.33,1124.51,75.47,88,55,40,7.0,2.46
puducherry,1998,1379346.8,4048.69,28.33,1124.51,75.47,88,55,40,7.0,2.555
puducherry,1998,564740.8,1657.64,28.33,1124.51,75.47,88,55,40,7.0,2.55
assam,1998,58783925.2,172543.91,22.98,1701.15,73.03,60,18,38,5.8,1.055652174
assam,1998,22122604.4,64934.77,22.98,1701.15,73.03,60,18,38,5.8,1.685217391
assam,1998,161560724.0,474216.7,22.98,1701.15,73.03,60,18,38,5.8,1.395652174
goa,1998,4050800.0,11890.0,27.35,2059.15,74.64,65,25,45,6.2,2.54
goa,1998,1525373.2,4477.31,27.35,2059.15,74.64,65,25,45,6.2,3.04
karnataka,1998,106624268.4,312965.97,23.73,1185.08,71.65,72,42,25,6.9,2.310740741
karnataka,1998,5116061.6,15016.78,23.73,1185.08,71.65,72,42,25,6.9,2.054285714
karnataka,1998,29228004.0,85790.7,23.73,1185.08,71.65,72,42,25,6.9,2.99375
kerala,1998,11877439.6,34862.93,27.03,2177.34,80.95,65,28,50,5.7,1.856923077
kerala,1998,5700760.0,16733.0,27.03,2177.34,80.95,65,28,50,5.7,2.116153846
kerala,1998,17261743.2,50667.06,27.03,2177.34,80.95,65,28,50,5.7,1.937142857
meghalaya,1998,10413717.6,30566.58,17.84,2370.96,79.73,52,16,33,5.6,1.51
west bengal,1998,41990197.6,123250.58,25.82,1537.71,75.28,85,40,45,6.2,1.751111111
west bengal,1998,143306732.4,420637.17,25.82,1537.71,75.28,85,40,45,6.2,3.22
west bengal,1998,398027656.0,1168299.8,25.82,1537.71,75.28,85,40,45,6.2,1.781666667
assam,1999,59137758.6,150449.4,23.26,1622.42,71.99,60,18,38,5.8,1.094782609
assam,1999,31271629.02,79556.58,23.26,1622.42,71.99,60,18,38,5.8,1.990434783
assam,1999,190396583.2,484378.38,23.26,1622.42,71.99,60,18,38,5.8,1.501304348
goa,1999,4298265.0,10935.0,27.09,1980.88,73.77,65,25,45,6.2,2.38
goa,1999,1720685.69,4377.51,27.09,1980.88,73.77,65,25,45,6.2,2.69
kerala,1999,12897448.25,32811.75,26.23,1758.79,81.79,65,28,50,5.7,2.081538462
kerala,1999,6157768.73,15665.67,26.23,1758.79,81.79,65,28,50,5.7,2.292857143
kerala,1999,18066297.64,45961.56,26.23,1758.79,81.79,65,28,50,5.7,2.097142857
meghalaya,1999,10876414.66,27670.14,18.37,2074.56,76.13,52,16,33,5.6,1.605714286
meghalaya,1999,416984.77,1060.83,18.37,2074.56,76.13,52,16,33,5.6,1.755714286
puducherry,1999,2700371.72,6869.88,27.74,923.63,75.11,88,55,40,7.0,2.61
west bengal,1999,45333960.15,115331.85,25.79,1737.63,72.95,85,40,45,6.2,1.868888889
west bengal,1999,156471491.9,398071.26,25.79,1737.63,72.95,85,40,45,6.2,2.897222222
west bengal,1999,450940639.0,1147215.42,25.79,1737.63,72.95,85,40,45,6.2,1.906666667
andhra pradesh,2000,294870578.4,780954.98,27.74,1070.25,70.73,78,45,22,6.8,2.7
andhra pradesh,2000,121637833.0,322153.78,27.74,1070.25,70.73,78,45,22,6.8,2.939090909
assam,2000,52978913.05,140312.9,22.37,1958.5,75.29,60,18,38,5.8,1.197826087
assam,2000,32322963.35,85606.3,22.37,1958.5,75.29,60,18,38,5.8,1.825217391
assam,2000,174473319.7,462086.82,22.37,1958.5,75.29,60,18,38,5.8,1.581304348
goa,2000,4024970.0,10660.0,26.95,1919.04,74.29,65,25,45,6.2,2.36
goa,2000,1591041.19,4213.82,26.95,1919.04,74.29,65,25,45,6.2,2.81
karnataka,2000,110004295.3,291342.74,23.21,1000.55,69.1,72,42,25,6.9,2.357407407
karnataka,2000,5105330.85,13521.3,23.21,1000.55,69.1,72,42,25,6.9,2.064615385
karnataka,2000,30520267.64,80831.92,23.21,1000.55,69.1,72,42,25,6.9,2.751304348
kerala,2000,12737753.84,33735.52,26.7,1397.09,79.3,65,28,50,5.7,1.938461538
kerala,2000,5424677.86,14367.08,26.7,1397.09,79.3,65,28,50,5.7,2.23
kerala,2000,15947225.65,42235.7,26.7,1397.09,79.3,65,28,50,5.7,2.042857143
meghalaya,2000,10077837.69,26690.82,17.52,2652.89,79.14,52,16,33,5.6,1.681428571
meghalaya,2000,392974.51,1040.78,17.52,2652.89,79.14,52,16,33,5.6,1.744285714
puducherry,2000,4199614.43,11122.54,27.95,962.02,74.78,88,55,40,7.0,2.605
west bengal,2000,38673482.48,102425.44,25.43,1422.94,74.38,85,40,45,6.2,1.648333333
west bengal,2000,137618731.0,364478.66,25.43,1422.94,74.38,85,40,45,6.2,3.021111111
west bengal,2000,357293445.5,946279.88,25.43,1422.94,74.38,85,40,45,6.2,1.876111111
andhra pradesh,2001,247774835.5,630778.98,28.08,910.13,68.69,78,45,22,6.8,2.627272727
andhra pradesh,2001,142846575.6,363655.24,28.08,910.13,68.69,78,45,22,6.8,3.025909091
assam,2001,50625636.74,128881.48,22.72,1808.2,74.66,60,18,38,5.8,1.120434783
assam,2001,33293052.31,84756.62,22.72,1808.2,74.66,60,18,38,5.8,1.806521739
assam,2001,175125987.7,445831.36,22.72,1808.2,74.66,60,18,38,5.8,1.600434783
goa,2001,3344348.98,8513.96,27.24,1335.38,72.83,65,25,45,6.2,2.41
goa,2001,1699136.81,4325.62,27.24,1335.38,72.83,65,25,45,6.2,2.85
karnataka,2001,111114069.7,282871.42,23.37,919.93,69.6,72,42,25,6.9,2.154814815
karnataka,2001,5461912.4,13904.8,23.37,919.93,69.6,72,42,25,6.9,1.840714286
karnataka,2001,28216170.01,71832.02,23.37,919.93,69.6,72,42,25,6.9,2.4368
kerala,2001,11902230.2,30300.4,26.63,2171.67,81.61,65,28,50,5.7,1.886923077
kerala,2001,4478400.5,11401.0,26.63,2171.67,81.61,65,28,50,5.7,2.151428571
kerala,2001,16542813.14,42114.28,26.63,2171.67,81.61,65,28,50,5.7,2.153571429
meghalaya,2001,11005630.93,28017.86,17.85,2427.05,78.14,52,16,33,5.6,1.751428571
puducherry,2001,2682240.19,6828.38,28.23,1021.13,74.02,88,55,40,7.0,2.415
west bengal,2001,36056792.24,91792.48,25.74,1600.02,73.31,85,40,45,6.2,2.094705882
west bengal,2001,139537461.5,355230.98,25.74,1600.02,73.31,85,40,45,6.2,2.788823529
west bengal,2001,386436021.6,983779.16,25.74,1600.02,73.31,85,40,45,6.2,2.235294118
andhra pradesh,2002,199687525.7,527325.25,28.54,768.22,66.52,78,45,22,6.8,2.202727273
andhra pradesh,2002,67477557.22,178191.5,28.54,768.22,66.52,78,45,22,6.8,2.533636364
assam,2002,43973930.99,116124.25,22.58,1852.95,76.52,60,18,38,5.8,1.076521739
assam,2002,31001395.56,81867.0,22.58,1852.95,76.52,60,18,38,5.8,1.794347826
assam,2002,165550849.1,437178.75,22.58,1852.95,76.52,60,18,38,5.8,1.545652174
goa,2002,3193029.76,8432.0,27.57,1481.74,72.96,65,25,45,6.2,2.67
goa,2002,1556469.47,4110.25,27.57,1481.74,72.96,65,25,45,6.2,2.72
kerala,2002,10644505.46,28109.5,27.05,1520.73,78.88,65,28,50,5.7,2.130769231
kerala,2002,3888948.93,10269.75,27.05,1520.73,78.88,65,28,50,5.7,2.212142857
kerala,2002,14863568.68,39251.0,27.05,1520.73,78.88,65,28,50,5.7,2.123571429
tamil nadu,2002,143570557.8,379134.25,28.13,1046.29,71.59,80,38,30,6.6,2.884642857
west bengal,2002,36444636.55,96241.25,25.82,1391.99,74.07,85,40,45,6.2,2.092777778
west bengal,2002,133113404.3,351519.5,25.82,1391.99,74.07,85,40,45,6.2,2.747777778
west bengal,2002,383516122.3,1012771.0,25.82,1391.99,74.07,85,40,45,6.2,2.221666667
andhra pradesh,2003,208739317.9,506136.96,28.31,857.23,68.83,78,45,22,6.8,2.670909091
andhra pradesh,2003,85690351.32,207776.16,28.31,857.23,68.83,78,45,22,6.8,2.729090909
assam,2003,43664334.14,105874.32,22.45,2076.0,78.5,60,18,38,5.8,1.118695652
assam,2003,31622130.4,76675.2,22.45,2076.0,78.5,60,18,38,5.8,1.493913043
assam,2003,175115712.9,424608.72,22.45,2076.0,78.5,60,18,38,5.8,1.618695652
goa,2003,3510919.58,8513.04,27.88,1413.96,71.8,65,25,45,6.2,3.27
goa,2003,1715323.4,4159.2,27.88,1413.96,71.8,65,25,45,6.2,3.15
karnataka,2003,93464042.56,226625.28,24.36,630.03,64.73,72,42,25,6.9,2.133333333
karnataka,2003,5407178.42,13110.96,24.36,630.03,64.73,72,42,25,6.9,2.892
karnataka,2003,7423302.04,17999.52,24.36,630.03,64.73,72,42,25,6.9,3.8768
kerala,2003,10172174.6,24664.8,27.08,1542.25,79.55,65,28,50,5.7,2.140769231
kerala,2003,3680670.28,8924.64,27.08,1542.25,79.55,65,28,50,5.7,1.845
kerala,2003,14588068.32,35372.16,27.08,1542.25,79.55,65,28,50,5.7,1.960714286
meghalaya,2003,10860184.58,26333.04,17.73,2608.08,82.11,52,16,33,5.6,1.798571429
puducherry,2003,2480933.7,6015.6,28.24,842.18,74.41,88,55,40,7.0,2.993333333
tamil nadu,2003,138240516.0,335196.24,28.23,895.93,70.97,80,38,30,6.6,2.728214286
west bengal,2003,33628751.94,81540.72,25.84,1423.27,73.79,85,40,45,6.2,2.131666667
west bengal,2003,137596849.0,333635.52,25.84,1423.27,73.79,85,40,45,6.2,2.879444444
west bengal,2003,408461359.9,990409.44,25.84,1423.27,73.79,85,40,45,6.2,2.283333333
karnataka,2004,114305308.7,221562.81,23.16,994.53,69.96,72,42,25,6.9,2.37
karnataka,2004,4751900.74,9210.81,23.16,994.53,69.96,72,42,25,6.9,3.388666667
karnataka,2004,22670903.38,43943.97,23.16,994.53,69.96,72,42,25,6.9,4.251666667
kerala,2004,11413510.66,22123.29,26.76,2080.13,80.59,65,28,50,5.7,2.271538462
kerala,2004,3871204.88,7503.72,26.76,2080.13,80.59,65,28,50,5.7,2.256923077
kerala,2004,16131067.62,31267.53,26.76,2080.13,80.59,65,28,50,5.7,2.175714286
meghalaya,2004,3539142.78,6860.07,17.53,2896.44,82.48,52,16,33,5.6,1.492857143
meghalaya,2004,999328.16,1937.04,17.53,2896.44,82.48,52,16,33,5.6,2.078333333
meghalaya,2004,7546856.06,14628.39,17.53,2896.44,82.48,52,16,33,5.6,1.792857143
tamil nadu,2004,202901535.5,393292.62,27.49,1358.53,73.69,80,38,30,6.6,3.015172414
andhra pradesh,2005,302930871.4,530482.68,27.95,1192.26,71.1,78,45,22,6.8,2.549090909
andhra pradesh,2005,174560708.6,305685.03,27.95,1192.26,71.1,78,45,22,6.8,3.132272727
assam,2005,47766054.72,83646.36,22.79,2104.81,77.53,60,18,38,5.8,1.132222222
assam,2005,37735346.32,66080.91,22.79,2104.81,77.53,60,18,38,5.8,1.637692308
assam,2005,204744212.8,358541.4,22.79,2104.81,77.53,60,18,38,5.8,1.502592593
karnataka,2005,129033080.6,225958.53,23.3,1335.41,72.42,72,42,25,6.9,2.50962963
karnataka,2005,5389684.48,9438.24,23.3,1335.41,72.42,72,42,25,6.9,2.2675
karnataka,2005,43680140.48,76491.24,23.3,1335.41,72.42,72,42,25,6.9,3.0144
kerala,2005,11782859.52,20633.76,26.88,2084.75,81.32,65,28,50,5.7,2.096923077
kerala,2005,2621091.44,4589.97,26.88,2084.75,81.32,65,28,50,5.7,2.345714286
kerala,2005,18663029.68,32682.09,26.88,2084.75,81.32,65,28,50,5.7,2.189285714
meghalaya,2005,3918745.76,6862.38,17.85,2764.31,82.42,52,16,33,5.6,1.597142857
meghalaya,2005,1174136.72,2056.11,17.85,2764.31,82.42,52,16,33,5.6,2.245
meghalaya,2005,7627151.84,13356.42,17.85,2764.31,82.42,52,16,33,5.6,1.971428571
tamil nadu,2005,245890563.6,430595.55,27.9,1894.66,73.91,80,38,30,6.6,2.895517241
west bengal,2005,34552429.68,60507.09,25.96,1437.97,74.73,85,40,45,6.2,2.116111111
west bengal,2005,165724283.4,290210.97,25.96,1437.97,74.73,85,40,45,6.2,2.767222222
west bengal,2005,493214531.0,863701.23,25.96,1437.97,74.73,85,40,45,6.2,2.317222222
puducherry,2006,639827.1,1102.2,27.89,1082.72,75.18,88,55,40,7.0,2.64
puducherry,2006,1540310.31,2653.42,27.89,1082.72,75.18,88,55,40,7.0,4.05
puducherry,2006,584145.54,1006.28,27.89,1082.72,75.18,88,55,40,7.0,3.05
meghalaya,2006,4173435.09,7189.38,18.05,2184.76,79.82,52,16,33,5.6,1.641428571
meghalaya,2006,1258454.34,2167.88,18.05,2184.76,79.82,52,16,33,5.6,2.077142857
meghalaya,2006,7886347.92,13585.44,18.05,2184.76,79.82,52,16,33,5.6,1.852857143
andhra pradesh,2006,337265507.7,580991.4,27.65,1343.62,71.34,78,45,22,6.8,2.689090909
andhra pradesh,2006,170750824.2,294144.4,27.65,1343.62,71.34,78,45,22,6.8,3.036818182
assam,2006,48458410.11,83477.02,22.91,1531.41,75.46,60,18,38,5.8,1.028148148
assam,2006,39905671.41,68743.62,22.91,1531.41,75.46,60,18,38,5.8,1.837037037
assam,2006,192158468.4,331022.34,22.91,1531.41,75.46,60,18,38,5.8,1.269259259
karnataka,2006,136264143.5,234735.82,23.26,664.25,70.02,72,42,25,6.9,2.428148148
karnataka,2006,5627285.73,9693.86,23.26,664.25,70.02,72,42,25,6.9,2.335333333
karnataka,2006,36350352.72,62619.04,23.26,664.25,70.02,72,42,25,6.9,2.6825
kerala,2006,10709632.89,18448.98,26.48,2279.1,82.35,65,28,50,5.7,2.270769231
kerala,2006,4590663.66,7908.12,26.48,2279.1,82.35,65,28,50,5.7,2.497857143
kerala,2006,18354992.04,31619.28,26.48,2279.1,82.35,65,28,50,5.7,2.286428571
tamil nadu,2006,246658710.9,424907.34,27.82,1236.69,72.14,80,38,30,6.6,3.584827586
west bengal,2006,36251632.89,62448.98,25.91,1535.61,73.93,85,40,45,6.2,2.001111111
west bengal,2006,178951466.4,308271.26,25.91,1535.61,73.93,85,40,45,6.2,3.028888889
west bengal,2006,511087246.6,880425.92,25.91,1535.61,73.93,85,40,45,6.2,2.291666667
puducherry,2007,584158.6,700.64,27.8,1151.09,75.64,88,55,40,7.0,2.986666667
puducherry,2007,1522227.4,1825.76,27.8,1151.09,75.64,88,55,40,7.0,3.02
puducherry,2007,619909.8,743.52,27.8,1151.09,75.64,88,55,40,7.0,2.21
assam,2007,47238941.0,56658.4,22.52,1932.73,76.6,60,18,38,5.8,1.082592593
assam,2007,43073392.6,51662.24,22.52,1932.73,76.6,60,18,38,5.8,2.085925926
assam,2007,219708732.8,263518.72,22.52,1932.73,76.6,60,18,38,5.8,1.36962963
karnataka,2007,140265564.4,168234.56,23.25,1096.34,70.37,72,42,25,6.9,2.567586207
karnataka,2007,5379355.0,6452.0,23.25,1096.34,70.37,72,42,25,6.9,2.255333333
karnataka,2007,43291635.0,51924.0,23.25,1096.34,70.37,72,42,25,6.9,2.846923077
kerala,2007,10342902.2,12405.28,26.63,2054.41,80.94,65,28,50,5.7,2.07
kerala,2007,6062629.8,7271.52,26.63,2054.41,80.94,65,28,50,5.7,2.335714286
kerala,2007,14134797.2,16953.28,26.63,2054.41,80.94,65,28,50,5.7,2.252857143
tamil nadu,2007,238675278.0,286267.2,27.63,1255.81,73.32,80,38,30,6.6,3.213793103
west bengal,2007,37567841.2,45058.88,25.47,1961.06,74.46,85,40,45,6.2,1.956111111
west bengal,2007,201646506.2,241854.88,25.47,1961.06,74.46,85,40,45,6.2,3.048888889
west bengal,2007,523800969.6,628247.04,25.47,1961.06,74.46,85,40,45,6.2,2.261666667
puducherry,2008,642678.72,404.37,27.74,1376.2,76.18,88,55,40,7.0,3.0
puducherry,2008,1617210.24,1017.54,27.74,1376.2,76.18,88,55,40,7.0,2.82
puducherry,2008,712482.24,448.29,27.74,1376.2,76.18,88,55,40,7.0,2.125
andhra pradesh,2008,400951991.0,252276.84,27.71,1157.69,70.95,78,45,22,6.8,2.913636364
andhra pradesh,2008,226595385.6,142572.6,27.71,1157.69,70.95,78,45,22,6.8,3.236818182
assam,2008,50156832.96,31558.41,22.57,1658.15,77.76,60,18,38,5.8,1.117777778
assam,2008,51532448.64,32423.94,22.57,1658.15,77.76,60,18,38,5.8,1.951153846
assam,2008,253640101.4,159588.99,22.57,1658.15,77.76,60,18,38,5.8,1.607407407
karnataka,2008,161618464.3,101689.47,22.75,1131.17,72.77,72,42,25,6.9,2.513448276
karnataka,2008,5862065.28,3688.38,22.75,1131.17,72.77,72,42,25,6.9,2.514166667
karnataka,2008,49080170.88,30880.98,22.75,1131.17,72.77,72,42,25,6.9,2.786923077
kerala,2008,11354658.24,7144.29,26.48,1974.68,81.62,65,28,50,5.7,2.295384615
kerala,2008,7117956.48,4478.58,26.48,1974.68,81.62,65,28,50,5.7,2.446428571
kerala,2008,15036650.88,9460.98,26.48,1974.68,81.62,65,28,50,5.7,2.260714286
meghalaya,2008,4658812.8,2931.3,17.72,2128.07,81.8,52,16,33,5.6,1.53
meghalaya,2008,1824046.08,1147.68,17.72,2128.07,81.8,52,16,33,5.6,2.154285714
meghalaya,2008,8971897.92,5645.07,17.72,2128.07,81.8,52,16,33,5.6,1.802857143
tamil nadu,2008,276296493.1,173844.27,27.66,1428.04,73.16,80,38,30,6.6,3.562580645
west bengal,2008,41831189.76,26319.96,25.32,1561.27,76.85,85,40,45,6.2,2.04
west bengal,2008,222664932.5,140099.58,25.32,1561.27,76.85,85,40,45,6.2,2.646666667
west bengal,2008,584545833.6,367793.1,25.32,1561.27,76.85,85,40,45,6.2,2.393888889
puducherry,2009,724563.0,790.5,28.23,1110.91,73.83,88,55,40,7.0,2.893333333
puducherry,2009,1741755.96,1900.26,28.23,1110.91,73.83,88,55,40,7.0,2.903333333
puducherry,2009,794370.36,866.66,28.23,1110.91,73.83,88,55,40,7.0,1.965
andhra pradesh,2009,321436403.4,350687.9,28.42,819.63,68.11,78,45,22,6.8,2.790909091
andhra pradesh,2009,214699080.1,234237.22,28.42,819.63,68.11,78,45,22,6.8,3.098636364
assam,2009,53108130.6,57941.1,23.06,1700.26,75.57,60,18,38,5.8,1.070740741
assam,2009,61461952.44,67055.14,23.06,1700.26,75.57,60,18,38,5.8,1.903703704
assam,2009,274605325.7,299595.08,23.06,1700.26,75.57,60,18,38,5.8,1.780740741
karnataka,2009,171748076.2,187377.57,23.5,858.32,69.07,72,42,25,6.9,2.397931034
karnataka,2009,5881737.54,6416.99,23.5,858.32,69.07,72,42,25,6.9,2.416666667
karnataka,2009,53993188.2,58906.7,23.5,858.32,69.07,72,42,25,6.9,2.806923077
kerala,2009,12036939.18,13132.33,26.9,1558.44,79.8,65,28,50,5.7,2.303076923
kerala,2009,7678653.78,8377.43,26.9,1558.44,79.8,65,28,50,5.7,2.385
kerala,2009,16748312.7,18272.45,26.9,1558.44,79.8,65,28,50,5.7,2.286428571
meghalaya,2009,5073499.2,5535.2,18.01,2328.88,80.74,52,16,33,5.6,1.542857143
meghalaya,2009,1990912.14,2172.09,18.01,2328.88,80.74,52,16,33,5.6,2.171428571
meghalaya,2009,9789391.5,10680.25,18.01,2328.88,80.74,52,16,33,5.6,1.802857143
tamil nadu,2009,287574068.5,313744.01,28.22,1165.21,70.58,80,38,30,6.6,3.539677419
puducherry,2010,728226.24,1052.16,28.07,1434.44,77.22,88,55,40,7.0,2.673333333
puducherry,2010,1813921.2,2620.8,28.07,1434.44,77.22,88,55,40,7.0,3.446666667
puducherry,2010,782378.1,1130.4,28.07,1434.44,77.22,88,55,40,7.0,2.7
assam,2010,51159886.68,73917.12,22.89,2262.61,78.56,60,18,38,5.8,1.272592593
assam,2010,66242176.35,95708.4,22.89,2262.61,78.56,60,18,38,5.8,2.342222222
assam,2010,304094587.0,439363.68,22.89,2262.61,78.56,60,18,38,5.8,1.958888889
andhra pradesh,2010,485339035.2,701230.32,27.91,1557.24,73.66,78,45,22,6.8,2.666818182
andhra pradesh,2010,303900902.8,439083.84,27.91,1557.24,73.66,78,45,22,6.8,3.325909091
karnataka,2010,187588687.4,271032.96,23.76,969.11,71.33,72,42,25,6.9,2.654
karnataka,2010,8255667.0,11928.0,23.76,969.11,71.33,72,42,25,6.9,2.668333333
karnataka,2010,59809898.82,86414.88,23.76,969.11,71.33,72,42,25,6.9,2.935714286
kerala,2010,11710469.29,16919.5872,26.9,1937.17,80.85,65,28,50,5.7,2.236923077
kerala,2010,8493641.169,12271.8312,26.9,1937.17,80.85,65,28,50,5.7,2.48
kerala,2010,15208299.05,21973.3416,26.9,1937.17,80.85,65,28,50,5.7,2.202142857
meghalaya,2010,5414521.56,7823.04,18.07,3082.63,83.27,52,16,33,5.6,1.53
meghalaya,2010,2125709.67,3071.28,18.07,3082.63,83.27,52,16,33,5.6,2.077142857
meghalaya,2010,10446990.12,15094.08,18.07,3082.63,83.27,52,16,33,5.6,1.828571429
puducherry,2011,709782.24,1398.21,27.95,1264.88,75.01,88,55,40,7.0,3.046666667
puducherry,2011,1729476.48,3406.92,27.95,1264.88,75.01,88,55,40,7.0,2.856666667
puducherry,2011,337552.8,664.95,27.95,1264.88,75.01,88,55,40,7.0,2.49
assam,2011,46316934.72,91240.38,22.6,1698.68,77.12,60,18,38,5.8,1.268518519
assam,2011,65939054.88,129894.27,22.6,1698.68,77.12,60,18,38,5.8,2.489615385
assam,2011,314200679.5,618948.33,22.6,1698.68,77.12,60,18,38,5.8,1.797037037
andhra pradesh,2011,481443936.5,948403.17,27.96,730.18,68.3,78,45,22,6.8,2.909090909
andhra pradesh,2011,204692520.5,403226.67,27.96,730.18,68.3,78,45,22,6.8,3.031818182
karnataka,2011,187240454.4,368847.6,23.49,641.34,67.15,72,42,25,6.9,2.702666667
karnataka,2011,7235523.84,14253.36,23.49,641.34,67.15,72,42,25,6.9,2.378181818
karnataka,2011,42754956.96,84223.59,23.49,641.34,67.15,72,42,25,6.9,2.931428571
kerala,2011,11413946.72,22484.4939,26.75,1472.9,79.58,65,28,50,5.7,2.301538462
kerala,2011,7922022.475,15605.7033,26.75,1472.9,79.58,65,28,50,5.7,2.7
kerala,2011,15534950.45,30602.517,26.75,1472.9,79.58,65,28,50,5.7,2.426428571
meghalaya,2011,5461989.6,10759.65,17.61,2237.85,81.89,52,16,33,5.6,1.511428571
meghalaya,2011,2150286.72,4235.88,17.61,2237.85,81.89,52,16,33,5.6,2.07
meghalaya,2011,10626463.68,20933.22,17.61,2237.85,81.89,52,16,33,5.6,1.91
tamil nadu,2011,318919885.4,628244.76,27.72,1371.22,72.46,80,38,30,6.6,4.226451613
andhra pradesh,2012,375039600.0,770970.0,27.87,1192.65,70.2,78,45,22,6.8,2.969545455
andhra pradesh,2012,172062800.0,353710.0,27.87,1192.65,70.2,78,45,22,6.8,3.243636364
assam,2012,35917242.4,73835.18,22.78,2102.52,76.25,60,18,38,5.8,1.291481481
assam,2012,58682312.0,120633.4,22.78,2102.52,76.25,60,18,38,5.8,2.7724
assam,2012,280097428.0,575797.1,22.78,2102.52,76.25,60,18,38,5.8,1.968888889
karnataka,2012,158102791.6,325012.37,24.37,488.69,62.56,72,42,25,6.9,2.418333333
karnataka,2012,6835160.8,14051.06,24.37,488.69,62.56,72,42,25,6.9,2.394615385
karnataka,2012,27922429.6,57400.22,24.37,488.69,62.56,72,42,25,6.9,2.747777778
kerala,2012,9535385.6,19601.92,27.14,1152.35,77.86,65,28,50,5.7,2.41
kerala,2012,7131935.2,14661.14,27.14,1152.35,77.86,65,28,50,5.7,2.482142857
kerala,2012,13082050.8,26892.81,27.14,1152.35,77.86,65,28,50,5.7,2.355
meghalaya,2012,4976400.0,10230.0,17.79,2851.85,80.28,52,16,33,5.6,2.232857143
meghalaya,2012,2000663.6,4112.77,17.79,2851.85,80.28,52,16,33,5.6,2.13
meghalaya,2012,9573387.2,19680.04,17.79,2851.85,80.28,52,16,33,5.6,2.118571429
andhra pradesh,2013,246435642.0,460499.85,27.45,1279.53,72.34,78,45,22,6.8,2.715384615
andhra pradesh,2013,126845603.7,237028.95,27.45,1279.53,72.34,78,45,22,6.8,3.408461538
assam,2013,32269240.68,60299.64,23.2,1838.45,75.92,60,18,38,5.8,1.386296296
assam,2013,57670582.68,107765.64,23.2,1838.45,75.92,60,18,38,5.8,2.655925926
assam,2013,271747689.1,507798.99,23.2,1838.45,75.92,60,18,38,5.8,1.982592593
goa,2013,4093401.7,7649.1,27.31,2110.26,73.57,65,25,45,6.2,2.82
goa,2013,2093660.1,3912.3,27.31,2110.26,73.57,65,25,45,6.2,3.205
karnataka,2013,149563188.4,279479.97,23.6,878.57,68.73,72,42,25,6.9,2.792666667
karnataka,2013,5909063.04,11041.92,23.6,878.57,68.73,72,42,25,6.9,2.545833333
karnataka,2013,38149405.72,71287.56,23.6,878.57,68.73,72,42,25,6.9,3.022962963
kerala,2013,7502209.78,14018.94,26.95,1766.57,79.46,65,28,50,5.7,2.416923077
kerala,2013,6771523.85,12653.55,26.95,1766.57,79.46,65,28,50,5.7,2.673571429
kerala,2013,14568059.76,27222.48,26.95,1766.57,79.46,65,28,50,5.7,2.506428571
meghalaya,2013,3260994.81,6093.63,18.22,2467.09,80.52,52,16,33,5.6,2.448571429
meghalaya,2013,1942523.56,3629.88,18.22,2467.09,80.52,52,16,33,5.6,2.396363636
meghalaya,2013,6707803.76,12534.48,18.22,2467.09,80.52,52,16,33,5.6,2.238571429
tamil nadu,2013,249350727.7,465947.1,27.79,1023.06,72.75,80,38,30,6.6,4.491935484
andhra pradesh,2014,246807674.2,539523.93,28.18,749.08,66.95,78,45,22,6.8,3.184615385
andhra pradesh,2014,114583772.6,250481.22,28.18,749.08,66.95,78,45,22,6.8,3.541538462
assam,2014,29616540.48,64742.04,23.51,1623.83,75.27,60,18,38,5.8,1.531481481
assam,2014,62852648.88,137396.49,23.51,1623.83,75.27,60,18,38,5.8,2.613076923
assam,2014,284220845.8,621309.48,23.51,1623.83,75.27,60,18,38,5.8,1.977777778
goa,2014,4202726.4,9187.2,27.59,2194.71,72.99,65,25,45,6.2,2.925
goa,2014,2133064.8,4662.9,27.59,2194.71,72.99,65,25,45,6.2,2.775
karnataka,2014,150963774.0,330008.25,24.06,605.9,64.95,72,42,25,6.9,2.812333333
karnataka,2014,7260572.16,15871.68,24.06,605.9,64.95,72,42,25,6.9,2.493846154
karnataka,2014,42029377.44,91876.62,24.06,605.9,64.95,72,42,25,6.9,2.852
kerala,2014,9658571.76,21113.73,27.01,1901.93,80.06,65,28,50,5.7,2.215384615
kerala,2014,6821580.48,14912.04,27.01,1901.93,80.06,65,28,50,5.7,2.801428571
kerala,2014,13433930.4,29366.7,27.01,1901.93,80.06,65,28,50,5.7,2.500714286
meghalaya,2014,4997077.92,10923.66,18.24,2285.61,80.91,52,16,33,5.6,2.507272727
meghalaya,2014,2056075.2,4494.6,18.24,2285.61,80.91,52,16,33,5.6,2.505454545
meghalaya,2014,9601206.96,20988.33,18.24,2285.61,80.91,52,16,33,5.6,2.319090909
tamil nadu,2014,270971841.4,592347.03,27.98,1096.01,71.05,80,38,30,6.6,4.730322581
andhra pradesh,2015,220897772.4,461631.72,28.21,824.0,67.96,78,45,22,6.8,3.091538462
andhra pradesh,2015,120313366.0,251430.63,28.21,824.0,67.96,78,45,22,6.8,3.671538462
puducherry,2015,602742.47,1259.61,28.11,1567.72,75.71,88,55,40,7.0,2.273333333
puducherry,2015,1343024.55,2806.65,28.11,1567.72,75.71,88,55,40,7.0,2.47
puducherry,2015,622323.31,1300.53,28.11,1567.72,75.71,88,55,40,7.0,2.225
assam,2015,30211657.02,63136.26,23.56,2064.92,77.16,60,18,38,5.8,1.398888889
assam,2015,63950707.62,133644.06,23.56,2064.92,77.16,60,18,38,5.8,2.488076923
assam,2015,298241932.5,623265.39,23.56,2064.92,77.16,60,18,38,5.8,1.965925926
meghalaya,2015,5232505.76,10934.88,18.19,2901.61,83.59,52,16,33,5.6,2.551818182
meghalaya,2015,2155313.59,4504.17,18.19,2901.61,83.59,52,16,33,5.6,2.557272727
meghalaya,2015,10054129.7,21011.1,18.19,2901.61,83.59,52,16,33,5.6,2.347272727
goa,2015,4378844.3,9150.9,27.72,1993.22,72.98,65,25,45,6.2,2.83
goa,2015,2149786.74,4492.62,27.72,1993.22,72.98,65,25,45,6.2,2.76
karnataka,2015,154278859.5,322411.65,23.87,824.43,67.37,72,42,25,6.9,2.525666667
karnataka,2015,4631342.39,9678.57,23.87,824.43,67.37,72,42,25,6.9,2.456428571
karnataka,2015,16377004.01,34224.63,23.87,824.43,67.37,72,42,25,6.9,2.785769231
kerala,2015,9540606.38,19937.94,27.01,2093.51,81.07,65,28,50,5.7,2.327692308
kerala,2015,7474511.94,15620.22,27.01,2093.51,81.07,65,28,50,5.7,2.67
kerala,2015,14072623.38,29408.94,27.01,2093.51,81.07,65,28,50,5.7,2.370714286
tamil nadu,2015,315853476.9,660069.96,27.87,1961.46,73.24,80,38,30,6.6,4.061290323
andhra pradesh,2016,232887282.0,531879.6,28.04,935.87,68.69,78,45,22,6.8,3.361538462
andhra pradesh,2016,89706879.75,204877.05,28.04,935.87,68.69,78,45,22,6.8,3.727692308
puducherry,2016,565952.25,1292.55,28.23,765.27,74.08,88,55,40,7.0,3.24
puducherry,2016,1289139.0,2944.2,28.23,765.27,74.08,88,55,40,7.0,3.436666667
puducherry,2016,628325.0,1435.0,28.23,765.27,74.08,88,55,40,7.0,2.535
assam,2016,25752743.0,58815.4,23.94,2251.68,77.39,60,18,38,5.8,1.405185185
assam,2016,62546229.0,142846.2,23.94,2251.68,77.39,60,18,38,5.8,2.412692308
assam,2016,289789620.0,661836.0,23.94,2251.68,77.39,60,18,38,5.8,1.996666667
meghalaya,2016,5156249.5,11776.1,18.6,4088.19,84.09,52,16,33,5.6,2.552727273
meghalaya,2016,2094927.5,4784.5,18.6,4088.19,84.09,52,16,33,5.6,2.573636364
meghalaya,2016,9786851.5,22351.7,18.6,4088.19,84.09,52,16,33,5.6,2.359090909
goa,2016,4234297.5,9670.5,27.35,2582.83,73.0,65,25,45,6.2,2.795
goa,2016,2021827.25,4617.55,27.35,2582.83,73.0,65,25,45,6.2,2.745
karnataka,2016,144365331.3,329708.75,24.49,586.82,61.99,72,42,25,6.9,2.529666667
karnataka,2016,2863629.5,6540.1,24.49,586.82,61.99,72,42,25,6.9,2.525333333
karnataka,2016,11314754.0,25841.2,24.49,586.82,61.99,72,42,25,6.9,2.852692308
kerala,2016,8674103.25,19810.35,27.27,1153.76,78.78,65,28,50,5.7,2.524615385
kerala,2016,6519868.0,14890.4,27.27,1153.76,78.78,65,28,50,5.7,2.534285714
kerala,2016,11072772.25,25288.55,27.27,1153.76,78.78,65,28,50,5.7,2.102142857
tamil nadu,2016,221115383.3,504994.35,28.11,811.36,70.68,80,38,30,6.6,3.068387097
andhra pradesh,2017,232527544.3,561232.64,28.14,991.2,69.86,78,45,22,6.8,3.25
andhra pradesh,2017,116703659.5,281678.04,28.14,991.2,69.86,78,45,22,6.8,3.887692308
puducherry,2017,680928.0,1643.5,28.29,1248.7,74.81,88,55,40,7.0,3.256666667
puducherry,2017,1377442.56,3324.62,28.29,1248.7,74.81,88,55,40,7.0,3.27
puducherry,2017,676519.68,1632.86,28.29,1248.7,74.81,88,55,40,7.0,2.85
assam,2017,24326211.84,58714.18,23.5,2621.54,79.34,60,18,38,5.8,1.418148148
assam,2017,63039290.88,152152.76,23.5,2621.54,79.34,60,18,38,5.8,2.704615385
assam,2017,295797957.1,713943.24,23.5,2621.54,79.34,60,18,38,5.8,2.063703704
meghalaya,2017,5286048.0,12758.5,18.43,5244.36,84.21,52,16,33,5.6,2.551818182
meghalaya,2017,2154251.52,5199.54,18.43,5244.36,84.21,52,16,33,5.6,2.576363636
meghalaya,2017,10057739.52,24275.54,18.43,5244.36,84.21,52,16,33,5.6,2.36
goa,2017,4285359.36,10343.22,27.48,1982.62,74.01,65,25,45,6.2,2.635
goa,2017,1779229.44,4294.38,27.48,1982.62,74.01,65,25,45,6.2,2.855
karnataka,2017,116119399.7,280267.86,23.74,1088.08,68.27,72,42,25,6.9,2.9
karnataka,2017,4823016.96,11640.92,23.74,1088.08,68.27,72,42,25,6.9,2.773076923
karnataka,2017,35383695.36,85402.72,23.74,1088.08,68.27,72,42,25,6.9,3.063703704
kerala,2017,9175288.32,22145.64,27.14,1693.59,79.58,65,28,50,5.7,2.217692308
kerala,2017,7823665.92,18883.34,27.14,1693.59,79.58,65,28,50,5.7,2.733571429
kerala,2017,12770745.6,30823.7,27.14,1693.59,79.58,65,28,50,5.7,2.483571429
tamil nadu,2017,37038547.2,89396.9,28.13,1290.07,72.2,80,38,30,6.6,3.967857143
tamil nadu,2017,43496263.68,104983.36,28.13,1290.07,72.2,80,38,30,6.6,4.451428571
tamil nadu,2017,207401694.7,500588.44,28.13,1290.07,72.2,80,38,30,6.6,4.139
andhra pradesh,2018,253662471.4,547360.45,28.18,927.05,67.4,78,45,22,6.8,3.263846154
andhra pradesh,2018,104524437.4,225545.95,28.18,927.05,67.4,78,45,22,6.8,3.699230769
puducherry,2018,697135.6,1504.3,28.04,947.36,75.1,88,55,40,7.0,3.373333333
puducherry,2018,1467585.6,3166.8,28.04,947.36,75.1,88,55,40,7.0,3.976666667
puducherry,2018,732333.0,1580.25,28.04,947.36,75.1,88,55,40,7.0,2.885
assam,2018,23481045.2,50668.1,23.04,1825.84,78.58,60,18,38,5.8,1.492592593
assam,2018,65021600.6,140305.55,23.04,1825.84,78.58,60,18,38,5.8,2.645
assam,2018,304861225.8,657838.65,23.04,1825.84,78.58,60,18,38,5.8,2.15
meghalaya,2018,5432726.8,11722.9,17.87,3403.4,83.31,52,16,33,5.6,2.545454545
meghalaya,2018,2209812.8,4768.4,17.87,3403.4,83.31,52,16,33,5.6,2.569090909
meghalaya,2018,10350630.8,22334.9,17.87,3403.4,83.31,52,16,33,5.6,2.352727273
goa,2018,4191410.2,9044.35,27.57,2090.67,71.99,65,25,45,6.2,2.72
goa,2018,1710074.6,3690.05,27.57,2090.67,71.99,65,25,45,6.2,2.72
karnataka,2018,168227027.6,363005.3,23.97,586.33,64.89,72,42,25,6.9,2.637
karnataka,2018,1855892.4,4004.7,23.97,586.33,64.89,72,42,25,6.9,2.480833333
karnataka,2018,24491064.6,52847.55,23.97,586.33,64.89,72,42,25,6.9,2.9272
kerala,2018,9848534.212,21251.461,26.92,1799.12,80.47,65,28,50,5.7,1.565384615
kerala,2018,7924813.016,17100.398,26.92,1799.12,80.47,65,28,50,5.7,3.09
kerala,2018,14346504.03,30957.3145,26.92,1799.12,80.47,65,28,50,5.7,2.684285714
tamil nadu,2018,45358743.4,97876.45,28.08,832.38,70.88,80,38,30,6.6,4.184827586
tamil nadu,2018,38425828.8,82916.4,28.08,832.38,70.88,80,38,30,6.6,3.997333333
tamil nadu,2018,195404610.8,421649.9,28.08,832.38,70.88,80,38,30,6.6,3.749032258
andhra pradesh,2019,262178758.0,564777.25,28.2,1027.8,71.25,78,45,22,6.8,3.517692308
andhra pradesh,2019,142484710.3,306936.09,28.2,1027.8,71.25,78,45,22,6.8,3.873076923
puducherry,2019,742518.48,1599.51,28.41,1060.94,75.48,88,55,40,7.0,3.216666667
puducherry,2019,1614028.72,3476.89,28.41,1060.94,75.48,88,55,40,7.0,3.883333333
puducherry,2019,776011.68,1671.66,28.41,1060.94,75.48,88,55,40,7.0,3.55
assam,2019,21851822.48,47072.51,23.09,2368.95,78.3,60,18,38,5.8,1.464814815
assam,2019,67934171.68,146341.66,23.09,2368.95,78.3,60,18,38,5.8,2.492307692
assam,2019,322601006.1,694936.96,23.09,2368.95,78.3,60,18,38,5.8,2.137037037
meghalaya,2019,5750524.8,12387.6,18.07,4360.57,82.43,52,16,33,5.6,2.510909091
meghalaya,2019,2340745.28,5042.36,18.07,4360.57,82.43,52,16,33,5.6,2.57
meghalaya,2019,10973574.64,23638.93,18.07,4360.57,82.43,52,16,33,5.6,2.36
goa,2019,4192833.36,9032.07,27.55,3627.84,74.47,65,25,45,6.2,2.475
goa,2019,1766895.12,3806.19,27.55,3627.84,74.47,65,25,45,6.2,2.95
karnataka,2019,165591583.1,356712.19,24.57,818.07,65.92,72,42,25,6.9,2.924
karnataka,2019,1935048.16,4168.42,24.57,818.07,65.92,72,42,25,6.9,2.881428571
karnataka,2019,46839123.76,100899.37,24.57,818.07,65.92,72,42,25,6.9,2.86862069
kerala,2019,9600525.2,20681.15,27.57,1778.18,78.55,65,28,50,5.7,1.949230769
kerala,2019,10478390.56,22572.22,27.57,1778.18,78.55,65,28,50,5.7,2.815714286
kerala,2019,13960481.04,30073.23,27.57,1778.18,78.55,65,28,50,5.7,2.503571429
tamil nadu,2019,35474451.6,76417.95,28.36,1207.03,72.52,80,38,30,6.6,4.077241379
tamil nadu,2019,58396682.4,125796.3,28.36,1207.03,72.52,80,38,30,6.6,4.095
tamil nadu,2019,233745092.3,503526.34,28.36,1207.03,72.52,80,38,30,6.6,3.818387097
andhra pradesh,1997,226742525.0,738575.0,28.21,1191.08,69.56,78,45,22,6.8,1.99173913
andhra pradesh,1997,106371509.0,346487.0,28.21,1191.08,69.56,78,45,22,6.8,2.64
bihar,1997,71346189.07,232398.01,25.76,1263.31,54.36,85,30,25,7.2,1.102244898
bihar,1997,11841907.93,38572.99,25.76,1263.31,54.36,85,30,25,7.2,1.683265306
bihar,1997,403349874.7,1313843.24,25.76,1263.31,54.36,85,30,25,7.2,1.354363636
gujarat,1997,64011342.0,208506.0,26.78,1009.83,51.08,75,38,28,7.8,1.665
maharashtra,1997,127432630.0,415090.0,26.37,2053.66,68.68,75,43,26,7.1,8.778275862
maharashtra,1997,31310.93,101.99,26.37,2053.66,68.68,75,43,26,7.1,2.018888889
mizoram,1997,6482409.38,21115.34,22.66,1730.69,73.06,54,15,34,5.7,1.6
punjab,1997,217082770.0,707110.0,23.39,942.38,46.2,150,50,40,8.0,3.476470588
uttar pradesh,1997,544993574.6,1775223.37,26.03,711.1,45.12,120,45,35,7.6,2.037
uttar pradesh,1997,628788.19,2048.17,26.03,711.1,45.12,120,45,35,7.6,2.202903226
andhra pradesh,1998,277865120.0,815596.0,28.21,1100.41,71.95,78,45,22,6.8,2.47
andhra pradesh,1998,148614960.0,436218.0,28.21,1100.41,71.95,78,45,22,6.8,2.986086957
bihar,1998,13124196.8,38522.44,26.1,1017.81,58.59,85,30,25,7.2,1.765777778
bihar,1998,418362968.4,1227988.47,26.1,1017.81,58.59,85,30,25,7.2,1.242909091
gujarat,1998,61463480.0,180409.0,27.88,758.93,47.48,75,38,28,7.8,1.695384615
haryana,1998,107365367.2,315141.26,24.04,986.16,46.65,130,48,35,7.9,2.286666667
himachal pradesh,1998,8113950.0,23816.25,21.24,962.76,47.03,60,20,40,6.0,1.455454545
madhya pradesh,1998,537353440.0,1577252.0,25.01,1049.84,56.61,70,40,20,7.4,0.586785714
maharashtra,1998,142835160.0,419253.0,26.75,2133.35,69.3,75,43,26,7.1,1.267241379
maharashtra,1998,3695120.0,10846.0,26.75,2133.35,69.3,75,43,26,7.1,2.053333333
punjab,1998,248877200.0,730510.0,24.04,986.16,46.65,150,50,40,8.0,3.099411765
tamil nadu,1998,235776221.2,692055.71,28.32,1115.79,72.23,80,38,30,6.6,3.445
tripura,1998,25242115.6,74091.23,25.37,1919.99,73.93,62,20,35,5.9,1.8775
uttar pradesh,1998,580465116.4,1703794.37,25.83,962.01,51.68,120,45,35,7.6,1.865060241
uttar pradesh,1998,556145.2,1632.41,25.83,962.01,51.68,120,45,35,7.6,2.015172414
bihar,1999,78985129.9,200942.1,26.37,887.84,51.93,85,30,25,7.2,1.061666667
bihar,1999,13252877.62,33715.98,26.37,887.84,51.93,85,30,25,7.2,1.700666667
gujarat,1999,70512772.0,179388.0,28.45,440.13,40.06,75,38,28,7.8,1.510714286
haryana,1999,114944308.8,292424.04,25.49,537.97,34.47,130,48,35,7.9,2.235
himachal pradesh,1999,8513960.86,21659.94,22.3,572.46,36.63,60,20,40,6.0,1.55
karnataka,1999,116339493.7,295973.46,22.94,856.67,69.63,72,42,25,6.9,2.292962963
karnataka,1999,5601329.14,14250.06,22.94,856.67,69.63,72,42,25,6.9,2.079285714
karnataka,1999,31926026.6,81221.4,22.94,856.67,69.63,72,42,25,6.9,2.7336
madhya pradesh,1999,585203473.3,1488786.75,25.0,1021.78,51.04,70,40,20,7.4,1.110508475
maharashtra,1999,154642023.0,393417.0,26.19,1622.75,68.41,75,43,26,7.1,1.211935484
maharashtra,1999,4393782.0,11178.0,26.19,1622.75,68.41,75,43,26,7.1,2.081
nagaland,1999,15707240.0,39960.0,19.18,684.23,65.25,56,16,36,5.8,1.484285714
odisha,1999,84585610.0,215190.0,26.2,1304.31,72.99,67,26,32,6.3,0.971333333
odisha,1999,40521495.3,103088.7,26.2,1304.31,72.99,67,26,32,6.3,2.073333333
odisha,1999,363282990.0,924210.0,26.2,1304.31,72.99,67,26,32,6.3,1.142666667
punjab,1999,276362520.0,703080.0,25.49,537.97,34.47,150,50,40,8.0,3.332352941
tamil nadu,1999,233915402.0,595092.42,27.7,931.08,71.53,80,38,30,6.6,3.499642857
uttar pradesh,1999,645251508.9,1641551.94,26.85,649.86,42.16,120,45,35,7.6,1.991707317
uttar pradesh,1999,642298.76,1634.04,26.85,649.86,42.16,120,45,35,7.6,2.190384615
bihar,2000,288599184.3,764345.4,26.02,1005.78,51.8,85,30,25,7.2,1.399189189
bihar,2000,58087679.85,153843.3,26.02,1005.78,51.8,85,30,25,7.2,1.310645161
bihar,2000,12305511.33,32590.74,26.02,1005.78,51.8,85,30,25,7.2,1.590645161
chhattisgarh,2000,370075964.8,980133.96,26.38,867.47,51.2,70,35,20,6.5,0.6575
gujarat,2000,57282195.0,151710.0,28.31,549.8,38.9,75,38,28,7.8,0.8725
gujarat,2000,382863.0,1014.0,28.31,549.8,38.9,75,38,28,7.8,3.53
haryana,2000,103498863.9,274113.32,24.65,829.38,38.13,130,48,35,7.9,2.443157895
himachal pradesh,2000,8002720.23,21194.94,21.5,869.51,40.72,60,20,40,6.0,1.55
madhya pradesh,2000,166628456.8,441309.96,25.33,867.75,42.57,70,40,20,7.4,0.613555556
maharashtra,2000,145919888.0,386464.0,26.28,1944.66,66.88,75,43,26,7.1,0.9865625
maharashtra,2000,2464067.0,6526.0,26.28,1944.66,66.88,75,43,26,7.1,1.987
mizoram,2000,5089034.63,13478.14,22.64,1561.26,75.76,54,15,34,5.7,1.8875
nagaland,2000,14725500.0,39000.0,18.4,688.55,67.37,56,16,36,5.8,1.5025
nagaland,2000,164925.6,436.8,18.4,688.55,67.37,56,16,36,5.8,1.98
odisha,2000,83893136.9,222188.2,26.35,1100.2,71.21,67,26,32,6.3,0.733666667
odisha,2000,20294684.1,53749.8,26.35,1100.2,71.21,67,26,32,6.3,1.685333333
odisha,2000,331050837.4,876777.2,26.35,1100.2,71.21,67,26,32,6.3,1.020666667
punjab,2000,256321870.0,678860.0,24.65,829.38,38.13,150,50,40,8.0,3.501764706
tamil nadu,2000,207466980.5,549469.44,27.82,1035.18,72.05,80,38,30,6.6,3.611785714
uttar pradesh,2000,579608245.8,1535073.28,25.93,976.03,45.55,120,45,35,7.6,1.894782609
uttar pradesh,2000,296767.91,785.98,25.93,976.03,45.55,120,45,35,7.6,2.083181818
uttarakhand,2000,28031952.65,74241.7,18.34,706.41,44.93,80,24,38,6.4,1.649230769
uttarakhand,2000,300596.54,796.12,18.34,706.41,44.93,80,24,38,6.4,3.125
bihar,2001,290506129.6,739563.24,25.95,1096.14,55.07,85,30,25,7.2,1.409189189
bihar,2001,12879205.78,32787.56,25.95,1096.14,55.07,85,30,25,7.2,1.792903226
bihar,2001,60661032.67,154429.34,25.95,1096.14,55.07,85,30,25,7.2,1.098275862
chhattisgarh,2001,389126738.6,990629.12,26.22,1214.25,57.24,70,35,20,6.5,1.34375
gujarat,2001,67814320.0,172640.0,28.07,479.49,39.96,75,38,28,7.8,1.533571429
gujarat,2001,388094.0,988.0,28.07,479.49,39.96,75,38,28,7.8,2.935
haryana,2001,104939085.6,267151.3,24.52,886.36,40.39,130,48,35,7.9,2.645555556
himachal pradesh,2001,8229533.27,20950.54,21.39,919.92,42.75,60,20,40,6.0,1.654545455
madhya pradesh,2001,180376899.5,459199.0,25.13,980.81,48.39,70,40,20,7.4,0.849333333
maharashtra,2001,151887736.0,386672.0,26.51,1875.04,67.48,75,43,26,7.1,1.261875
maharashtra,2001,2737084.0,6968.0,26.51,1875.04,67.48,75,43,26,7.1,2.192
mizoram,2001,5707024.4,14528.8,22.95,1562.48,74.08,54,15,34,5.7,1.825
nagaland,2001,15830150.0,40300.0,19.14,537.09,64.46,56,16,36,5.8,1.485
nagaland,2001,153195.0,390.0,19.14,537.09,64.46,56,16,36,5.8,1.76
odisha,2001,459585000.0,1170000.0,26.48,1946.22,72.62,67,26,32,6.3,1.583666667
punjab,2001,253997310.0,646620.0,24.52,886.36,40.39,150,50,40,8.0,3.517058824
tamil nadu,2001,210375340.1,535568.28,28.16,1253.37,70.91,80,38,30,6.6,3.532857143
uttar pradesh,2001,619775496.5,1577808.96,26.23,797.83,45.41,120,45,35,7.6,2.016086957
uttar pradesh,2001,288925.77,735.54,26.23,797.83,45.41,120,45,35,7.6,2.097777778
uttarakhand,2001,28679738.08,73012.16,17.87,1283.71,50.63,80,24,38,6.4,1.608461538
uttarakhand,2001,384110.93,977.86,17.87,1283.71,50.63,80,24,38,6.4,2.2625
bihar,2002,55218549.58,145818.5,26.3,893.82,54.2,85,30,25,7.2,1.060714286
bihar,2002,11393913.18,30088.5,26.3,893.82,54.2,85,30,25,7.2,1.625517241
bihar,2002,272751180.9,720268.25,26.3,893.82,54.2,85,30,25,7.2,1.345945946
chhattisgarh,2002,357631166.9,944415.25,26.85,804.92,52.95,70,35,20,6.5,0.710625
gujarat,2002,44400230.0,117250.0,28.63,366.66,37.53,75,38,28,7.8,1.209230769
gujarat,2002,1117106.0,2950.0,28.63,366.66,37.53,75,38,28,7.8,4.53
haryana,2002,85737980.17,226412.75,25.39,688.83,37.91,130,48,35,7.9,2.495
himachal pradesh,2002,7883454.91,20818.25,22.21,721.57,39.96,60,20,40,6.0,1.133636364
karnataka,2002,97554026.88,257616.0,23.99,668.45,65.75,72,42,25,6.9,2.035185185
karnataka,2002,4776669.52,12614.0,23.99,668.45,65.75,72,42,25,6.9,2.000666667
karnataka,2002,6992610.21,18465.75,23.99,668.45,65.75,72,42,25,6.9,2.378
madhya pradesh,2002,158203699.7,417776.75,25.95,898.51,45.83,70,40,20,7.4,0.608
maharashtra,2002,141702056.0,374200.0,27.12,1326.47,63.56,75,43,26,7.1,0.8903125
maharashtra,2002,2508755.0,6625.0,27.12,1326.47,63.56,75,43,26,7.1,2.288
meghalaya,2002,10199935.14,26935.5,17.77,2530.64,80.43,52,16,33,5.6,1.767142857
mizoram,2002,5402532.89,14266.75,23.2,1459.33,74.41,54,15,34,5.7,1.89
nagaland,2002,14200500.0,37500.0,18.71,838.03,67.77,56,16,36,5.8,1.46375
odisha,2002,404524910.0,1068250.0,26.51,1340.28,73.12,67,26,32,6.3,0.753333333
punjab,2002,239515100.0,632500.0,25.39,688.83,37.91,150,50,40,8.0,3.438823529
uttarakhand,2002,25676302.73,67804.75,18.57,865.58,47.21,80,24,38,6.4,1.461538462
uttarakhand,2002,387200.3,1022.5,18.57,865.58,47.21,80,24,38,6.4,2.8
jharkhand,2002,12909164.28,34089.9025,23.78,1140.09,58.21,68,22,30,6.1,1.516666667
jharkhand,2002,87348097.24,230664.67,23.78,1140.09,58.21,68,22,30,6.1,1.062222222
bihar,2003,54825417.92,132936.96,25.85,1042.17,57.29,85,30,25,7.2,1.141666667
bihar,2003,18829559.28,45656.64,25.85,1042.17,57.29,85,30,25,7.2,1.42
bihar,2003,11569277.3,28052.4,25.85,1042.17,57.29,85,30,25,7.2,1.324642857
bihar,2003,287754557.0,697727.76,25.85,1042.17,57.29,85,30,25,7.2,1.456315789
chhattisgarh,2003,378993628.2,918958.08,26.55,1433.14,57.99,70,35,20,6.5,1.4375
delhi,2003,648220.02,1571.76,25.09,1026.54,48.93,90,40,30,7.5,2.73
gujarat,2003,64475572.0,156336.0,27.32,891.79,48.96,75,38,28,7.8,1.7125
gujarat,2003,2365622.0,5736.0,27.32,891.79,48.96,75,38,28,7.8,3.565714286
haryana,2003,100483605.2,243645.84,24.13,1037.84,46.02,130,48,35,7.9,2.733333333
jharkhand,2003,60789566.7,147398.424,23.41,1429.22,62.42,68,22,30,6.1,0.74
jharkhand,2003,142289747.2,345014.5416,23.41,1429.22,62.42,68,22,30,6.1,0.998636364
madhya pradesh,2003,169115545.3,410059.92,25.1,1241.22,54.75,70,40,20,7.4,0.997916667
maharashtra,2003,148509592.0,360096.0,27.08,1970.27,66.29,75,43,26,7.1,1.232258065
maharashtra,2003,2919910.0,7080.0,27.08,1970.27,66.29,75,43,26,7.1,2.217
manipur,2003,15622013.4,37879.2,20.58,1111.03,71.54,58,17,37,5.9,2.305555556
mizoram,2003,5859220.08,14207.04,23.24,1231.02,73.52,54,15,34,5.7,1.925
nagaland,2003,15341900.0,37200.0,18.65,780.96,69.8,56,16,36,5.8,1.36
nagaland,2003,98980.0,240.0,18.65,780.96,69.8,56,16,36,5.8,1.945
odisha,2003,445508980.0,1080240.0,26.57,1857.72,73.53,67,26,32,6.3,1.516333333
punjab,2003,258733720.0,627360.0,24.13,1037.84,46.02,150,50,40,8.0,3.678235294
uttar pradesh,2003,566158968.3,1372783.92,25.86,803.3,50.49,120,45,35,7.6,2.066285714
uttar pradesh,2003,775904.22,1881.36,25.86,803.3,50.49,120,45,35,7.6,2.1595
uttarakhand,2003,26889995.58,65201.04,17.95,1079.15,52.08,80,24,38,6.4,1.640769231
uttarakhand,2003,559731.9,1357.2,17.95,1079.15,52.08,80,24,38,6.4,3.66
andhra pradesh,2004,239980358.8,465164.07,27.72,759.1,69.79,78,45,22,6.8,2.720454545
andhra pradesh,2004,94378765.9,182938.35,27.72,759.1,69.79,78,45,22,6.8,2.83
assam,2004,47262674.96,91611.24,22.27,2151.77,78.82,60,18,38,5.8,0.802173913
assam,2004,33741084.58,65401.77,22.27,2151.77,78.82,60,18,38,5.8,1.764347826
assam,2004,177249657.0,343570.5,22.27,2151.77,78.82,60,18,38,5.8,1.551304348
bihar,2004,57905238.18,112240.17,26.25,859.42,54.62,85,30,25,7.2,0.788148148
bihar,2004,12591274.8,24406.2,26.25,859.42,54.62,85,30,25,7.2,1.437407407
bihar,2004,269703654.5,522777.99,26.25,859.42,54.62,85,30,25,7.2,0.647105263
chhattisgarh,2004,416440000.5,807203.25,25.78,1039.07,61.38,70,35,20,6.5,1.160625
delhi,2004,913414.54,1770.51,26.07,628.29,43.62,90,40,30,7.5,3.35
gujarat,2004,72111104.0,139776.0,27.7,763.53,47.63,75,38,28,7.8,1.730666667
gujarat,2004,1495092.0,2898.0,27.7,763.53,47.63,75,38,28,7.8,2.68625
haryana,2004,110965728.2,215089.56,24.66,920.16,43.86,130,48,35,7.9,2.832777778
madhya pradesh,2004,181525078.4,351857.73,25.58,915.19,50.52,70,40,20,7.4,0.803541667
maharashtra,2004,161231588.0,312522.0,26.82,2339.17,66.04,75,43,26,7.1,1.022903226
maharashtra,2004,2220970.0,4305.0,26.82,2339.17,66.04,75,43,26,7.1,2.463
nagaland,2004,16576020.0,32130.0,18.24,847.98,71.54,56,16,36,5.8,1.65625
nagaland,2004,108340.0,210.0,18.24,847.98,71.54,56,16,36,5.8,1.99
punjab,2004,303352000.0,588000.0,24.66,920.16,43.86,150,50,40,8.0,3.788823529
tripura,2004,27743273.84,53775.96,25.06,2334.61,75.65,62,20,35,5.9,2.24
uttarakhand,2004,30493809.76,59107.44,18.09,1149.05,52.59,80,24,38,6.4,1.592307692
uttarakhand,2004,813741.74,1577.31,18.09,1149.05,52.59,80,24,38,6.4,2.975
jharkhand,2004,16641988.23,32257.869,23.14,1252.79,63.15,68,22,30,6.1,0.714
jharkhand,2004,106242798.7,205934.9061,23.14,1252.79,63.15,68,22,30,6.1,0.85
west bengal,2004,34757855.48,67372.62,25.68,1392.86,74.2,85,40,45,6.2,2.037222222
west bengal,2004,149117767.6,289041.27,25.68,1392.86,74.2,85,40,45,6.2,2.857777778
west bengal,2004,442721009.4,858144.84,25.68,1392.86,74.2,85,40,45,6.2,2.336111111
bihar,2005,63945301.36,111978.93,26.79,802.49,52.54,85,30,25,7.2,0.962666667
bihar,2005,13581059.92,23782.71,26.79,802.49,52.54,85,30,25,7.2,1.304583333
bihar,2005,312361859.8,546997.92,26.79,802.49,52.54,85,30,25,7.2,1.035263158
chhattisgarh,2005,462213891.8,809413.92,26.18,1526.16,58.73,70,35,20,6.5,1.30375
delhi,2005,900119.52,1576.26,25.46,718.47,45.33,90,40,30,7.5,2.81
gujarat,2005,77744136.0,136143.0,26.81,962.01,49.27,75,38,28,7.8,1.843125
gujarat,2005,2950032.0,5166.0,26.81,962.01,49.27,75,38,28,7.8,3.054444444
haryana,2005,125506833.0,219783.48,24.2,879.45,45.01,130,48,35,7.9,2.940526316
himachal pradesh,2005,9517570.72,16666.86,20.99,916.17,47.53,60,20,40,6.0,1.396363636
madhya pradesh,2005,203917484.3,357093.66,25.18,1213.01,50.41,70,40,20,7.4,0.881041667
maharashtra,2005,176726104.0,309477.0,26.39,3211.91,67.19,75,43,26,7.1,1.215666667
maharashtra,2005,4652896.0,8148.0,26.39,3211.91,67.19,75,43,26,7.1,2.007
mizoram,2005,6770683.2,11856.6,23.29,1418.06,76.74,54,15,34,5.7,1.9425
nagaland,2005,18647560.0,32655.0,18.77,815.04,70.97,56,16,36,5.8,1.6425
nagaland,2005,107928.0,189.0,18.77,815.04,70.97,56,16,36,5.8,2.06
punjab,2005,316828640.0,554820.0,24.2,879.45,45.01,150,50,40,8.0,3.820588235
tripura,2005,30347794.64,53144.07,25.23,1998.49,77.25,62,20,35,5.9,2.305
uttarakhand,2005,33033043.28,57846.39,17.67,1130.54,54.07,80,24,38,6.4,1.62
uttarakhand,2005,1075802.32,1883.91,17.67,1130.54,54.07,80,24,38,6.4,3.89
jharkhand,2005,17911594.17,31366.2006,23.93,938.94,57.56,68,22,30,6.1,0.557857143
jharkhand,2005,114491851.2,200494.4025,23.93,938.94,57.56,68,22,30,6.1,0.531363636
bihar,2006,66151608.93,113956.26,26.38,1046.45,55.74,85,30,25,7.2,0.962413793
bihar,2006,13976071.56,24075.92,26.38,1046.45,55.74,85,30,25,7.2,1.45173913
bihar,2006,349490036.6,602050.02,26.38,1046.45,55.74,85,30,25,7.2,1.482702703
chhattisgarh,2006,498748289.5,859170.18,26.26,1114.47,60.15,70,35,20,6.5,1.247222222
delhi,2006,942627.51,1623.82,26.36,651.79,43.48,90,40,30,7.5,2.82
gujarat,2006,83726676.0,144232.0,27.3,986.67,52.6,75,38,28,7.8,1.601875
gujarat,2006,4303827.0,7414.0,27.3,986.67,52.6,75,38,28,7.8,2.855555556
haryana,2006,133078417.6,229247.92,24.94,761.23,44.55,130,48,35,7.9,2.8545
himachal pradesh,2006,10115398.26,17425.32,21.73,855.31,48.18,60,20,40,6.0,1.750909091
madhya pradesh,2006,213788200.2,368282.86,25.49,1821.87,53.84,70,40,20,7.4,0.856666667
maharashtra,2006,190453923.0,328086.0,26.64,3370.1,69.14,75,43,26,7.1,1.166333333
maharashtra,2006,4852980.0,8360.0,26.64,3370.1,69.14,75,43,26,7.1,2.176
nagaland,2006,20903572.8,36009.6,18.97,710.77,67.81,56,16,36,5.8,1.595
nagaland,2006,127710.0,220.0,18.97,710.77,67.81,56,16,36,5.8,1.605
punjab,2006,334727910.0,576620.0,24.94,761.23,44.55,150,50,40,8.0,3.75
tripura,2006,32047419.69,55206.58,25.53,1808.32,73.73,62,20,35,5.9,2.4225
uttar pradesh,2006,753818108.7,1298566.94,26.3,945.42,50.66,120,45,35,7.6,1.846
uttar pradesh,2006,2321129.25,3998.5,26.3,945.42,50.66,120,45,35,7.6,1.995
uttarakhand,2006,34949374.02,60205.64,18.31,1074.79,54.87,80,24,38,6.4,1.645384615
uttarakhand,2006,1267266.33,2183.06,18.31,1074.79,54.87,80,24,38,6.4,3.145
jharkhand,2006,23452032.24,40399.711,23.54,1468.99,61.38,68,22,30,6.1,1.274545455
jharkhand,2006,127145952.2,219028.3414,23.54,1468.99,61.38,68,22,30,6.1,1.208181818
andhra pradesh,2007,343905200.0,412480.0,27.44,1067.72,72.52,78,45,22,6.8,3.094545455
andhra pradesh,2007,187560400.0,224960.0,27.44,1067.72,72.52,78,45,22,6.8,3.159090909
bihar,2007,69937084.4,83882.56,25.51,1373.75,61.57,85,30,25,7.2,0.617
bihar,2007,14732696.0,17670.4,25.51,1373.75,61.57,85,30,25,7.2,1.416666667
bihar,2007,379211511.0,454826.4,25.51,1373.75,61.57,85,30,25,7.2,1.260789474
chhattisgarh,2007,520644325.4,624460.96,26.24,1423.88,58.59,70,35,20,6.5,1.393888889
gujarat,2007,96848400.0,116160.0,27.27,1033.53,52.63,75,38,28,7.8,1.8325
gujarat,2007,4348840.0,5216.0,27.27,1033.53,52.63,75,38,28,7.8,3.043333333
haryana,2007,143077503.0,171607.2,24.61,893.56,44.46,130,48,35,7.9,3.191578947
himachal pradesh,2007,10481371.4,12571.36,21.4,925.42,47.22,60,20,40,6.0,1.686363636
madhya pradesh,2007,218097260.8,261585.92,25.34,1090.09,51.64,70,40,20,7.4,0.875
maharashtra,2007,204809020.0,245648.0,26.85,2694.23,67.76,75,43,26,7.1,1.377241379
maharashtra,2007,5522760.0,6624.0,26.85,2694.23,67.76,75,43,26,7.1,2.486
meghalaya,2007,4349373.6,5216.64,17.69,2709.54,81.21,52,16,33,5.6,1.498571429
meghalaya,2007,1540236.4,1847.36,17.69,2709.54,81.21,52,16,33,5.6,2.022857143
meghalaya,2007,8293478.0,9947.2,17.69,2709.54,81.21,52,16,33,5.6,1.812857143
nagaland,2007,22144400.0,26560.0,18.26,999.96,71.1,56,16,36,5.8,1.8275
nagaland,2007,200100.0,240.0,18.26,999.96,71.1,56,16,36,5.8,1.66
punjab,2007,348174000.0,417600.0,24.61,893.56,44.46,150,50,40,8.0,3.968
tripura,2007,33736459.8,40463.52,24.78,2737.78,76.28,62,20,35,5.9,2.4375
uttar pradesh,2007,759117902.6,910486.24,25.64,1067.29,53.71,120,45,35,7.6,1.962
uttar pradesh,2007,2514456.6,3015.84,25.64,1067.29,53.71,120,45,35,7.6,2.152142857
uttarakhand,2007,34657987.0,41568.8,18.07,1427.79,54.33,80,24,38,6.4,1.709230769
uttarakhand,2007,1649357.6,1978.24,18.07,1427.79,54.33,80,24,38,6.4,3.423333333
jharkhand,2007,24455310.88,29331.7072,23.02,1361.99,64.76,68,22,30,6.1,0.899047619
jharkhand,2007,135365134.1,162356.9824,23.02,1361.99,64.76,68,22,30,6.1,1.306363636
bihar,2008,78224570.88,49218.48,25.16,1575.54,65.17,85,30,25,7.2,1.230344828
bihar,2008,15094439.04,9497.34,25.16,1575.54,65.17,85,30,25,7.2,1.641
bihar,2008,406644840.0,255858.75,25.16,1575.54,65.17,85,30,25,7.2,1.545789474
chhattisgarh,2008,561977697.6,353593.35,25.93,1042.28,59.47,70,35,20,6.5,1.198333333
gujarat,2008,103289184.0,64989.0,27.35,620.73,47.0,75,38,28,7.8,1.615294118
gujarat,2008,3604608.0,2268.0,27.35,620.73,47.0,75,38,28,7.8,2.921111111
haryana,2008,173242753.0,109003.41,23.49,1417.62,51.64,130,48,35,7.9,2.569
himachal pradesh,2008,11115495.36,6993.81,20.46,1518.43,54.07,60,20,40,6.0,1.6
madhya pradesh,2008,244105913.3,153590.13,24.96,928.64,51.7,70,40,20,7.4,0.911020408
maharashtra,2008,214488480.0,134955.0,26.48,2602.54,66.57,75,43,26,7.1,1.170740741
maharashtra,2008,3146880.0,1980.0,26.48,2602.54,66.57,75,43,26,7.1,2.421111111
manipur,2008,30180009.6,18989.1,20.17,1224.95,74.69,58,17,37,5.9,2.134444444
nagaland,2008,24760224.0,15579.0,18.04,1168.99,74.37,56,16,36,5.8,1.964545455
punjab,2008,391214400.0,246150.0,23.49,1417.62,51.64,150,50,40,8.0,3.9855
tripura,2008,34753856.64,21866.94,25.19,1532.09,75.42,62,20,35,5.9,2.525
uttar pradesh,2008,859922293.4,541058.49,25.03,1606.05,58.94,120,45,35,7.6,2.124428571
uttar pradesh,2008,3092667.84,1945.89,25.03,1606.05,58.94,120,45,35,7.6,2.095
uttarakhand,2008,39437701.44,24813.99,17.53,1418.98,57.88,80,24,38,6.4,1.627692308
uttarakhand,2008,1810028.16,1138.86,17.53,1418.98,57.88,80,24,38,6.4,3.1
jharkhand,2008,26951930.08,16958.0097,23.02,1388.34,64.42,68,22,30,6.1,0.868695652
jharkhand,2008,144246851.4,90759.3444,23.02,1388.34,64.42,68,22,30,6.1,1.39125
bihar,2009,81944179.8,89401.3,26.68,774.6,52.65,85,30,25,7.2,0.905666667
bihar,2009,14909169.24,16265.94,26.68,774.6,52.65,85,30,25,7.2,1.492083333
bihar,2009,389933005.6,425417.86,26.68,774.6,52.65,85,30,25,7.2,1.105526316
chhattisgarh,2009,597976390.2,652393.7,27.17,1075.52,54.21,70,35,20,6.5,1.106666667
gujarat,2009,102607470.0,111945.0,28.45,580.29,44.88,75,38,28,7.8,1.693529412
gujarat,2009,3272220.0,3570.0,28.45,580.29,44.88,75,38,28,7.8,3.034444444
haryana,2009,187986701.7,205093.95,24.82,838.16,42.83,130,48,35,7.9,2.673809524
himachal pradesh,2009,11871302.52,12951.62,21.67,861.19,45.16,60,20,40,6.0,1.484545455
maharashtra,2009,225939000.0,246500.0,27.21,2277.28,66.66,75,43,26,7.1,1.106071429
maharashtra,2009,3209892.0,3502.0,27.21,2277.28,66.66,75,43,26,7.1,2.251111111
manipur,2009,17746339.8,19361.3,20.82,1168.24,71.73,58,17,37,5.9,1.923333333
nagaland,2009,26266577.4,28656.9,18.39,1134.66,73.56,56,16,36,5.8,1.393636364
punjab,2009,436607640.0,476340.0,24.82,838.16,42.83,150,50,40,8.0,3.9775
tripura,2009,38259731.16,41741.46,25.68,1954.75,73.58,62,20,35,5.9,2.5225
uttar pradesh,2009,802168527.7,875167.82,25.81,981.43,54.21,120,45,35,7.6,2.00971831
uttar pradesh,2009,3847974.9,4198.15,25.81,981.43,54.21,120,45,35,7.6,2.13
uttarakhand,2009,42166138.56,46003.36,18.52,965.68,49.98,80,24,38,6.4,1.613846154
uttarakhand,2009,2146420.5,2341.75,18.52,965.68,49.98,80,24,38,6.4,2.85
jharkhand,2009,24504564.84,26734.54,23.86,1139.94,58.04,68,22,30,6.1,0.515217391
jharkhand,2009,128674130.3,140383.79,23.86,1139.94,58.04,68,22,30,6.1,0.58625
west bengal,2009,33355140.84,36390.54,26.05,1553.26,72.3,85,40,45,6.2,2.095
west bengal,2009,222776321.5,243049.51,26.05,1553.26,72.3,85,40,45,6.2,2.79
west bengal,2009,621149940.6,677676.1,26.05,1553.26,72.3,85,40,45,6.2,2.346111111
madhya pradesh,2009,248232323.2,270822.07,25.85,1129.49,52.33,70,40,20,7.4,0.906041667
bihar,2010,82260661.98,118852.32,27.1,779.79,52.49,85,30,25,7.2,0.919642857
bihar,2010,14030481.15,20271.6,27.1,779.79,52.49,85,30,25,7.2,1.827916667
bihar,2010,376352935.3,543764.4,27.1,779.79,52.49,85,30,25,7.2,0.979210526
chhattisgarh,2010,654107293.6,945071.04,27.07,1195.15,56.89,70,35,20,6.5,1.702222222
gujarat,2010,120977913.0,174792.0,27.65,1150.46,54.22,75,38,28,7.8,1.8275
gujarat,2010,13255578.0,19152.0,27.65,1150.46,54.22,75,38,28,7.8,2.987777778
haryana,2010,206521406.9,298387.44,24.57,1351.9,48.87,130,48,35,7.9,2.561428571
himachal pradesh,2010,12529012.86,18102.24,21.63,1382.72,50.07,60,20,40,6.0,1.561818182
madhya pradesh,2010,261379898.8,377648.4,25.75,929.07,55.24,70,40,20,7.4,1.211666667
maharashtra,2010,246872682.0,356688.0,26.97,3131.39,71.61,75,43,26,7.1,1.3116
maharashtra,2010,4900245.0,7080.0,26.97,3131.39,71.61,75,43,26,7.1,2.388888889
manipur,2010,35328274.8,51043.2,20.19,1785.18,77.53,58,17,37,5.9,1.945555556
mizoram,2010,4744433.82,6854.88,22.98,2243.19,79.87,54,15,34,5.7,0.92625
mizoram,2010,2013751.53,2909.52,22.98,2243.19,79.87,54,15,34,5.7,1.495
mizoram,2010,1162.77,1.68,22.98,2243.19,79.87,54,15,34,5.7,0.86
nagaland,2010,29909766.6,43214.4,18.12,1662.35,76.28,56,16,36,5.8,2.051818182
nagaland,2010,220926.3,319.2,18.12,1662.35,76.28,56,16,36,5.8,2.38
punjab,2010,470257410.0,679440.0,24.57,1351.9,48.87,150,50,40,8.0,3.834
tamil nadu,2010,316560145.9,457374.24,27.83,1361.98,75.53,80,38,30,6.6,3.597419355
tripura,2010,43945729.38,63493.92,25.5,2054.22,76.54,62,20,35,5.9,2.5725
uttar pradesh,2010,935523048.4,1351667.76,26.2,930.36,54.63,120,45,35,7.6,2.052916667
uttar pradesh,2010,4172849.31,6029.04,26.2,930.36,54.63,120,45,35,7.6,2.032222222
uttarakhand,2010,44918801.76,64899.84,18.67,1784.83,53.6,80,24,38,6.4,1.540769231
uttarakhand,2010,2537662.47,3666.48,18.67,1784.83,53.6,80,24,38,6.4,2.25
jammu and kashmir,2010,43412350.17,62723.28,9.68,870.52,52.64,70,25,42,6.7,1.874
west bengal,2010,35237246.52,50911.68,26.24,1356.15,72.9,85,40,45,6.2,2.081666667
west bengal,2010,227552760.1,328774.08,26.24,1356.15,72.9,85,40,45,6.2,3.123888889
west bengal,2010,558482085.4,806909.28,26.24,1356.15,72.9,85,40,45,6.2,2.487222222
bihar,2011,95552905.44,188231.01,25.78,1038.06,58.62,85,30,25,7.2,1.546774194
bihar,2011,16108723.2,31732.8,25.78,1038.06,58.62,85,30,25,7.2,1.736190476
bihar,2011,449687170.1,885845.07,25.78,1038.06,58.62,85,30,25,7.2,2.491578947
chhattisgarh,2011,659999651.5,1300142.58,25.56,1521.67,62.28,70,35,20,6.5,1.527777778
gujarat,2011,125857776.0,247929.0,27.33,721.98,50.81,75,38,28,7.8,1.951666667
gujarat,2011,14105184.0,27786.0,27.33,721.98,50.81,75,38,28,7.8,3.122222222
haryana,2011,206735426.9,407251.02,23.37,1247.88,53.91,130,48,35,7.9,2.63047619
himachal pradesh,2011,12571203.36,24764.19,20.45,1302.73,55.41,60,20,40,6.0,1.545454545
madhya pradesh,2011,283650057.1,558766.23,24.92,1520.33,54.99,70,40,20,7.4,1.400416667
maharashtra,2011,254027328.0,500412.0,26.51,2598.42,68.45,75,43,26,7.1,1.319642857
maharashtra,2011,4657056.0,9174.0,26.51,2598.42,68.45,75,43,26,7.1,2.427777778
manipur,2011,37469198.4,73811.1,19.84,1512.52,77.26,58,17,37,5.9,2.34
mizoram,2011,4326371.52,8522.58,22.61,1855.02,78.59,54,15,34,5.7,1.04125
mizoram,2011,2127504.0,4191.0,22.61,1855.02,78.59,54,15,34,5.7,2.03125
mizoram,2011,75384.0,148.5,22.61,1855.02,78.59,54,15,34,5.7,2.3775
nagaland,2011,29994456.0,59086.5,17.62,1416.22,77.45,56,16,36,5.8,2.049090909
nagaland,2011,423825.6,834.9,17.62,1416.22,77.45,56,16,36,5.8,2.34
punjab,2011,472071360.0,929940.0,23.37,1247.88,53.91,150,50,40,8.0,3.7495
tripura,2011,44560152.48,87779.67,25.2,1629.61,74.09,62,20,35,5.9,2.63
uttar pradesh,2011,992161155.4,1954472.19,25.29,1188.78,57.14,120,45,35,7.6,2.294444444
uttar pradesh,2011,3960507.84,7801.86,25.29,1188.78,57.14,120,45,35,7.6,2.335909091
uttarakhand,2011,43776158.88,86235.27,17.27,1594.41,60.7,80,24,38,6.4,1.684615385
uttarakhand,2011,2291673.6,4514.4,17.27,1594.41,60.7,80,24,38,6.4,3.31
jharkhand,2011,25237558.08,49715.82,23.17,1642.21,63.4,68,22,30,6.1,0.79173913
jharkhand,2011,139384513.4,274575.51,23.17,1642.21,63.4,68,22,30,6.1,1.554166667
west bengal,2011,35676901.92,70280.43,25.68,1715.87,73.59,85,40,45,6.2,2.072222222
west bengal,2011,204554651.5,402955.08,25.68,1715.87,73.59,85,40,45,6.2,3.035
west bengal,2011,670021870.6,1319885.49,25.68,1715.87,73.59,85,40,45,6.2,2.475555556
bihar,2012,81495939.2,167531.44,25.74,991.23,54.72,85,30,25,7.2,1.743793103
bihar,2012,15851643.6,32586.27,25.74,991.23,54.72,85,30,25,7.2,2.396086957
bihar,2012,400124576.8,822537.26,25.74,991.23,54.72,85,30,25,7.2,2.567894737
chhattisgarh,2012,600511537.6,1234473.32,26.0,1537.64,59.4,70,35,20,6.5,1.91962963
gujarat,2012,101337600.0,208320.0,27.41,545.72,45.45,75,38,28,7.8,1.98
gujarat,2012,4388280.0,9021.0,27.41,545.72,45.45,75,38,28,7.8,2.943
haryana,2012,181903254.0,373939.05,24.1,851.78,44.99,130,48,35,7.9,3.041
himachal pradesh,2012,11367304.0,23367.8,21.07,878.81,48.09,60,20,40,6.0,1.577272727
madhya pradesh,2012,270106475.6,555258.67,24.91,1151.49,50.65,70,40,20,7.4,1.631041667
maharashtra,2012,230437480.0,473711.0,26.44,1824.51,66.28,75,43,26,7.1,1.316153846
maharashtra,2012,4659720.0,9579.0,26.44,1824.51,66.28,75,43,26,7.1,2.38
manipur,2012,18501652.0,38033.9,20.18,1379.58,76.1,58,17,37,5.9,1.937777778
mizoram,2012,3725664.8,7658.86,22.85,1767.63,76.93,54,15,34,5.7,1.095
mizoram,2012,2160964.0,4442.3,22.85,1767.63,76.93,54,15,34,5.7,2.2925
mizoram,2012,46144.8,94.86,22.85,1767.63,76.93,54,15,34,5.7,2.3525
nagaland,2012,27110824.0,55731.8,17.95,1329.04,76.09,56,16,36,5.8,2.15
nagaland,2012,535340.0,1100.5,17.95,1329.04,76.09,56,16,36,5.8,2.52
punjab,2012,429629200.0,883190.0,24.1,851.78,44.99,150,50,40,8.0,3.923636364
tamil nadu,2012,225186020.8,462915.56,27.97,1004.69,71.44,80,38,30,6.6,3.293225806
tripura,2012,38415244.4,78970.33,25.04,1717.8,74.19,62,20,35,5.9,2.78
uttar pradesh,2012,880264538.4,1809562.38,25.28,1108.06,53.41,120,45,35,7.6,2.4092
uttar pradesh,2012,3616787.2,7435.04,25.28,1108.06,53.41,120,45,35,7.6,2.434761905
uttarakhand,2012,38459579.6,79061.47,17.79,1287.03,55.67,80,24,38,6.4,1.750769231
uttarakhand,2012,2141360.0,4402.0,17.79,1287.03,55.67,80,24,38,6.4,3.21
jharkhand,2012,22433158.8,46115.91,23.11,1362.87,61.41,68,22,30,6.1,0.761304348
jharkhand,2012,142100348.0,292116.1,23.11,1362.87,61.41,68,22,30,6.1,1.338333333
west bengal,2012,30926365.6,63575.42,25.62,1211.46,72.38,85,40,45,6.2,2.259444444
west bengal,2012,185222060.4,380761.53,25.62,1211.46,72.38,85,40,45,6.2,3.206111111
west bengal,2012,604854728.4,1243401.63,25.62,1211.46,72.38,85,40,45,6.2,2.53
bihar,2013,79383383.96,148339.08,25.46,941.26,58.35,85,30,25,7.2,1.413
bihar,2013,13322989.43,24895.89,25.46,941.26,58.35,85,30,25,7.2,2.233157895
bihar,2013,362554741.5,677484.81,25.46,941.26,58.35,85,30,25,7.2,2.066842105
chhattisgarh,2013,576185807.3,1076684.67,25.85,1643.6,63.2,70,35,20,6.5,1.75037037
gujarat,2013,113756977.0,212571.0,26.68,998.76,53.43,75,38,28,7.8,1.939411765
gujarat,2013,4782474.51,8936.73,26.68,998.76,53.43,75,38,28,7.8,3.133636364
haryana,2013,179745560.0,335880.0,23.55,1403.69,54.16,130,48,35,7.9,3.112
himachal pradesh,2013,10567854.11,19747.53,20.83,1480.17,56.51,60,20,40,6.0,1.565454545
madhya pradesh,2013,271864581.5,508017.42,24.61,1627.55,57.52,70,40,20,7.4,1.410204082
maharashtra,2013,226488075.0,423225.0,26.41,2470.43,69.51,75,43,26,7.1,1.436
maharashtra,2013,5403926.0,10098.0,26.41,2470.43,69.51,75,43,26,7.1,2.423333333
manipur,2013,32192372.0,60156.0,20.42,1661.09,77.36,58,17,37,5.9,2.354444444
mizoram,2013,3270242.17,6110.91,23.06,1923.24,77.34,54,15,34,5.7,1.10625
mizoram,2013,2256933.8,4217.4,23.06,1923.24,77.34,54,15,34,5.7,2.1475
mizoram,2013,79469.5,148.5,23.06,1923.24,77.34,54,15,34,5.7,1.666666667
nagaland,2013,26827458.3,50130.9,18.39,1494.03,76.44,56,16,36,5.8,2.203636364
nagaland,2013,550506.9,1028.7,18.39,1494.03,76.44,56,16,36,5.8,2.633333333
punjab,2013,411940990.0,769770.0,23.55,1403.69,54.16,150,50,40,8.0,3.834090909
telangana,2013,168523599.7,314910.18,25.5,1008.16,64.9,77,48,24,7.0,3.115555556
telangana,2013,119652602.5,223587.81,25.5,1008.16,64.9,77,48,24,7.0,3.203333333
tripura,2013,36737160.46,68648.58,25.28,1833.61,74.84,62,20,35,5.9,2.775
uttar pradesh,2013,860482163.9,1607932.62,25.01,1238.3,59.2,120,45,35,7.6,2.396133333
uttar pradesh,2013,3910332.87,7307.01,25.01,1238.3,59.2,120,45,35,7.6,2.479047619
uttarakhand,2013,35683105.91,66678.93,17.72,1933.36,63.46,80,24,38,6.4,1.736153846
uttarakhand,2013,1794565.8,3353.4,17.72,1933.36,63.46,80,24,38,6.4,3.353333333
jharkhand,2013,22261285.32,41598.36,22.78,1431.41,65.79,68,22,30,6.1,0.854782609
jharkhand,2013,134819717.8,251929.71,22.78,1431.41,65.79,68,22,30,6.1,1.422083333
west bengal,2013,30348101.64,56709.72,25.56,1884.14,73.6,85,40,45,6.2,2.252777778
west bengal,2013,185957907.6,347488.65,25.56,1884.14,73.6,85,40,45,6.2,3.127222222
west bengal,2013,580366625.4,1084497.12,25.56,1884.14,73.6,85,40,45,6.2,2.626111111
bihar,2014,87727082.88,191772.24,25.72,1115.0,58.08,85,30,25,7.2,1.738965517
bihar,2014,12418724.4,27147.45,25.72,1115.0,58.08,85,30,25,7.2,1.971764706
bihar,2014,392493131.8,857993.73,25.72,1115.0,58.08,85,30,25,7.2,2.625263158
chhattisgarh,2014,609229272.0,1331781.0,25.87,1245.23,62.71,70,35,20,6.5,1.92962963
gujarat,2014,115213426.8,251857.65,27.49,775.44,48.89,75,38,28,7.8,1.867368421
gujarat,2014,4715688.48,10308.54,27.49,775.44,48.89,75,38,28,7.8,3.144166667
haryana,2014,192775920.0,421410.0,24.18,852.59,46.92,130,48,35,7.9,2.9465
himachal pradesh,2014,10926484.8,23885.4,21.16,940.1,51.13,60,20,40,6.0,1.72
madhya pradesh,2014,310524720.0,678810.0,25.23,1029.09,54.6,70,40,20,7.4,1.663488372
maharashtra,2014,227708064.0,497772.0,26.96,2364.49,65.52,75,43,26,7.1,1.3064
maharashtra,2014,6461088.0,14124.0,26.96,2364.49,65.52,75,43,26,7.1,2.52375
manipur,2014,33872404.8,74045.4,20.82,1235.91,74.94,58,17,37,5.9,2.073333333
mizoram,2014,3028861.44,6621.12,23.24,1898.19,76.85,54,15,34,5.7,1.14875
mizoram,2014,2472724.8,5405.4,23.24,1898.19,76.85,54,15,34,5.7,2.2825
mizoram,2014,73366.56,160.38,23.24,1898.19,76.85,54,15,34,5.7,2.063333333
nagaland,2014,28868080.8,63105.9,18.58,1170.87,75.38,56,16,36,5.8,2.260909091
nagaland,2014,605349.6,1323.3,18.58,1170.87,75.38,56,16,36,5.8,2.683333333
punjab,2014,436878240.0,955020.0,24.18,852.59,46.92,150,50,40,8.0,3.728181818
telangana,2014,138929544.7,303701.31,26.08,638.05,59.27,77,48,24,7.0,2.958888889
telangana,2014,74742258.48,163387.29,26.08,638.05,59.27,77,48,24,7.0,3.332222222
tripura,2014,38837932.08,84900.09,25.74,1871.72,72.46,62,20,35,5.9,2.885
uttar pradesh,2014,881912697.8,1927869.57,25.98,881.59,49.36,120,45,35,7.6,2.240533333
uttar pradesh,2014,4520799.12,9882.51,25.98,881.59,49.36,120,45,35,7.6,2.384090909
uttarakhand,2014,37392490.08,81740.34,17.98,1144.15,57.72,80,24,38,6.4,1.738461538
uttarakhand,2014,1870998.24,4090.02,17.98,1144.15,57.72,80,24,38,6.4,3.15
jharkhand,2014,21120662.64,46169.97,23.05,1124.12,63.14,68,22,30,6.1,1.01
jharkhand,2014,128179079.3,280200.69,23.05,1124.12,63.14,68,22,30,6.1,1.416666667
west bengal,2014,34393065.84,75183.57,25.72,1297.06,72.26,85,40,45,6.2,2.516111111
west bengal,2014,194741419.2,425706.6,25.72,1297.06,72.26,85,40,45,6.2,3.254444444
west bengal,2014,605147615.5,1322858.46,25.72,1297.06,72.26,85,40,45,6.2,2.700555556
bihar,2015,86694484.92,181173.96,26.76,906.63,53.6,85,30,25,7.2,1.347142857
bihar,2015,12838398.82,26829.66,26.76,906.63,53.6,85,30,25,7.2,2.528333333
bihar,2015,410881820.0,858660.0,26.76,906.63,53.6,85,30,25,7.2,2.166052632
chhattisgarh,2015,625283490.9,1306716.18,26.21,1145.0,61.26,70,35,20,6.5,1.21962963
gujarat,2015,117017942.2,244543.86,28.0,657.92,45.93,75,38,28,7.8,1.895238095
gujarat,2015,5233137.4,10936.2,28.0,657.92,45.93,75,38,28,7.8,3.201818182
haryana,2015,213652230.0,446490.0,23.9,1130.12,50.67,130,48,35,7.9,2.963
himachal pradesh,2015,11308566.74,23632.62,21.04,1153.65,54.22,60,20,40,6.0,1.612727273
madhya pradesh,2015,320083570.0,668910.0,25.13,1316.22,54.43,70,40,20,7.4,1.701904762
maharashtra,2015,232348774.0,485562.0,26.95,1706.93,66.95,75,43,26,7.1,1.334583333
maharashtra,2015,4958374.0,10362.0,26.95,1706.93,66.95,75,43,26,7.1,2.538888889
manipur,2015,37424670.0,78210.0,20.39,1604.94,78.74,58,17,37,5.9,1.876666667
mizoram,2015,3134671.41,6550.83,22.69,2597.78,80.72,54,15,34,5.7,1.22375
mizoram,2015,2653519.64,5545.32,22.69,2597.78,80.72,54,15,34,5.7,2.16
mizoram,2015,78639.18,164.34,22.69,2597.78,80.72,54,15,34,5.7,2.515
nagaland,2015,27916908.9,58340.7,18.44,1618.04,76.97,56,16,36,5.8,2.41
nagaland,2015,713753.2,1491.6,18.44,1618.04,76.97,56,16,36,5.8,2.703333333
punjab,2015,469782250.0,981750.0,23.9,1130.12,50.67,150,50,40,8.0,3.923181818
telangana,2015,118229269.8,247075.29,26.95,440.75,54.46,77,48,24,7.0,2.822222222
telangana,2015,46974277.25,98166.75,26.95,440.75,54.46,77,48,24,7.0,2.785555556
tripura,2015,31553260.38,65939.94,25.32,2412.14,75.86,62,20,35,5.9,2.895
tripura,2015,11049752.25,23091.75,25.32,2412.14,75.86,62,20,35,5.9,3.04625
uttar pradesh,2015,921790939.9,1926356.85,26.55,737.89,46.65,120,45,35,7.6,2.096133333
uttar pradesh,2015,3883796.45,8116.35,26.55,737.89,46.65,120,45,35,7.6,2.295
uttarakhand,2015,39819059.33,83213.79,18.09,1272.14,59.42,80,24,38,6.4,1.795384615
uttarakhand,2015,2059620.13,4304.19,18.09,1272.14,59.42,80,24,38,6.4,3.81
jharkhand,2015,23033700.06,48135.78,23.6,1393.38,62.12,68,22,30,6.1,0.606956522
jharkhand,2015,160534937.9,335485.59,23.6,1393.38,62.12,68,22,30,6.1,0.6625
west bengal,2015,37262022.7,77870.1,26.07,1634.51,72.98,85,40,45,6.2,2.48
west bengal,2015,206954477.4,432493.05,26.07,1634.51,72.98,85,40,45,6.2,3.155
west bengal,2015,628071234.0,1312542.0,26.07,1634.51,72.98,85,40,45,6.2,2.670555556
arunachal pradesh,2016,20075750.0,45850.0,23.02,2231.63,79.53,55,15,35,5.5,1.606
bihar,2016,85333737.75,194889.45,26.75,965.89,55.5,85,30,25,7.2,1.736153846
bihar,2016,12922499.75,29513.05,26.75,965.89,55.5,85,30,25,7.2,2.493333333
bihar,2016,413564587.8,944519.45,26.75,965.89,55.5,85,30,25,7.2,2.571052632
chhattisgarh,2016,621058957.8,1418405.45,26.65,1251.59,58.15,70,35,20,6.5,2.076666667
gujarat,2016,121405722.8,277272.45,28.08,551.92,45.4,75,38,28,7.8,2.0745
gujarat,2016,8490509.75,19391.05,28.08,551.92,45.4,75,38,28,7.8,3.133333333
haryana,2016,212205275.0,484645.0,24.96,893.69,43.94,130,48,35,7.9,2.9505
himachal pradesh,2016,10858528.75,24799.25,22.02,969.66,48.28,60,20,40,6.0,1.559090909
madhya pradesh,2016,346345000.0,791000.0,25.45,1563.81,51.96,70,40,20,7.4,2.040294118
maharashtra,2016,224623122.5,513005.5,26.56,2971.43,66.87,75,43,26,7.1,1.664444444
maharashtra,2016,10672330.0,24374.0,26.56,2971.43,66.87,75,43,26,7.1,2.369166667
manipur,2016,37393000.0,85400.0,20.59,1623.84,81.11,58,17,37,5.9,2.313333333
mizoram,2016,3004006.5,6860.7,23.1,2677.01,83.03,54,15,34,5.7,1.21125
mizoram,2016,2584101.5,5901.7,23.1,2677.01,83.03,54,15,34,5.7,2.2325
mizoram,2016,60380.5,137.9,23.1,2677.01,83.03,54,15,34,5.7,2.21
nagaland,2016,30935045.0,70651.0,18.62,1528.26,78.81,56,16,36,5.8,2.391818182
nagaland,2016,735600.0,1680.0,18.62,1528.26,78.81,56,16,36,5.8,2.79
punjab,2016,466799500.0,1066100.0,24.96,893.69,43.94,150,50,40,8.0,4.066818182
telangana,2016,136293040.8,311272.85,26.23,741.24,58.22,77,48,24,7.0,3.229666667
telangana,2016,143935924.8,328728.05,26.23,741.24,58.22,77,48,24,7.0,3.585
tripura,2016,5844342.0,13347.6,25.77,2800.81,78.38,62,20,35,5.9,2.5475
tripura,2016,2581189.75,5895.05,25.77,2800.81,78.38,62,20,35,5.9,1.05875
tripura,2016,11015150.25,25156.95,25.77,2800.81,78.38,62,20,35,5.9,3.145
tripura,2016,23025812.5,52587.5,25.77,2800.81,78.38,62,20,35,5.9,3.05375
uttar pradesh,2016,914236935.3,2087979.95,26.39,1050.69,49.13,120,45,35,7.6,2.3668
uttar pradesh,2016,3992315.75,9117.85,26.39,1050.69,49.13,120,45,35,7.6,2.484117647
uttarakhand,2016,38542068.5,88024.3,18.92,1049.03,53.63,80,24,38,6.4,1.779230769
uttarakhand,2016,2253234.75,5146.05,18.92,1049.03,53.63,80,24,38,6.4,3.77
jharkhand,2016,21137006.25,48273.75,23.91,1330.09,61.07,68,22,30,6.1,0.912
jharkhand,2016,184533382.3,421446.55,23.91,1330.09,61.07,68,22,30,6.1,2.251666667
west bengal,2016,38002628.5,86792.3,26.47,1629.13,73.52,85,40,45,6.2,2.493809524
west bengal,2016,181659638.3,414883.35,26.47,1629.13,73.52,85,40,45,6.2,3.244285714
west bengal,2016,607405608.8,1387223.25,26.47,1629.13,73.52,85,40,45,6.2,2.691363636
arunachal pradesh,2017,20782080.0,50160.0,22.87,2723.75,79.19,55,15,35,5.5,1.6915
bihar,2017,82293573.12,198625.24,26.95,844.78,55.07,85,30,25,7.2,1.78173913
bihar,2017,10684665.6,25788.7,26.95,844.78,55.07,85,30,25,7.2,2.034285714
bihar,2017,427673164.8,1032239.6,26.95,844.78,55.07,85,30,25,7.2,2.466842105
chhattisgarh,2017,626079997.4,1511117.88,26.56,1172.02,58.02,70,35,20,6.5,1.386296296
gujarat,2017,126372994.6,305016.12,27.49,860.9,48.49,75,38,28,7.8,2.0375
gujarat,2017,8283863.04,19994.08,27.49,860.9,48.49,75,38,28,7.8,2.657857143
haryana,2017,223895424.0,540398.0,24.11,1232.64,49.77,130,48,35,7.9,3.096190476
himachal pradesh,2017,11274750.72,27212.94,21.26,1235.12,52.75,60,20,40,6.0,1.618181818
jharkhand,2017,273223107.8,659456.18,24.07,1487.73,60.66,68,22,30,6.1,2.023333333
madhya pradesh,2017,318512140.8,768766.6,25.79,870.76,48.67,70,40,20,7.4,1.806888889
madhya pradesh,2017,1900300.8,4586.6,25.79,870.76,48.67,70,40,20,7.4,1.965294118
maharashtra,2017,224315001.6,541410.7,26.76,2949.76,67.44,75,43,26,7.1,1.637916667
maharashtra,2017,4121464.32,9947.64,26.76,2949.76,67.44,75,43,26,7.1,2.535833333
manipur,2017,37267622.4,89949.8,20.26,2054.32,81.63,58,17,37,5.9,2.18
mizoram,2017,3083856.0,7443.25,22.6,4613.17,86.06,54,15,34,5.7,1.18625
mizoram,2017,2525290.368,6095.086,22.6,4613.17,86.06,54,15,34,5.7,2.15625
mizoram,2017,76673.28,185.06,22.6,4613.17,86.06,54,15,34,5.7,2.09
nagaland,2017,32550720.0,78565.0,18.47,1957.87,78.51,56,16,36,5.8,2.421818182
nagaland,2017,826560.0,1995.0,18.47,1957.87,78.51,56,16,36,5.8,2.826666667
punjab,2017,482553600.0,1164700.0,24.11,1232.64,49.77,150,50,40,8.0,4.252727273
telangana,2017,164837633.3,397855.06,26.11,786.52,57.94,77,48,24,7.0,2.672333333
telangana,2017,144118844.2,347847.82,26.11,786.52,57.94,77,48,24,7.0,3.532666667
tripura,2017,5947296.0,14354.5,25.07,4813.23,81.62,62,20,35,5.9,2.68125
tripura,2017,2493377.28,6018.06,25.07,4813.23,81.62,62,20,35,5.9,1.02625
tripura,2017,11370946.56,27445.12,25.07,4813.23,81.62,62,20,35,5.9,3.1475
tripura,2017,23337646.08,56328.16,25.07,4813.23,81.62,62,20,35,5.9,3.045
uttar pradesh,2017,928560810.2,2241190.98,26.23,1128.51,51.6,120,45,35,7.6,2.541333333
uttar pradesh,2017,4055811.84,9789.18,26.23,1128.51,51.6,120,45,35,7.6,2.67
uttarakhand,2017,38815100.16,93684.82,18.31,1394.79,57.95,80,24,38,6.4,1.909230769
uttarakhand,2017,2196760.32,5302.14,18.31,1394.79,57.95,80,24,38,6.4,3.223333333
west bengal,2017,39256247.04,94749.58,26.01,1962.37,75.2,85,40,45,6.2,2.45
west bengal,2017,203991544.3,492357.64,26.01,1962.37,75.2,85,40,45,6.2,3.375714286
west bengal,2017,628565345.3,1517116.56,26.01,1962.37,75.2,85,40,45,6.2,2.684545455
arunachal pradesh,2018,21605040.0,46620.0,22.43,2160.98,79.54,55,15,35,5.5,1.737727273
bihar,2018,72242744.6,155887.55,27.0,614.22,49.15,85,30,25,7.2,1.439545455
bihar,2018,9796880.0,21140.0,27.0,614.22,49.15,85,30,25,7.2,2.205
bihar,2018,430467283.8,928875.15,27.0,614.22,49.15,85,30,25,7.2,1.809210526
chhattisgarh,2018,671731511.6,1449482.3,26.22,1121.9,57.41,70,35,20,6.5,1.521481481
gujarat,2018,131279327.4,283278.45,28.36,477.09,41.54,75,38,28,7.8,2.131
gujarat,2018,4798200.4,10353.7,28.36,477.09,41.54,75,38,28,7.8,2.676153846
haryana,2018,234703400.0,506450.0,23.57,1425.82,53.02,130,48,35,7.9,2.94952381
himachal pradesh,2018,11647582.0,25133.5,20.73,1409.89,54.9,60,20,40,6.0,1.623636364
jharkhand,2018,247696106.6,534486.05,23.57,1221.23,59.06,68,22,30,6.1,1.817916667
madhya pradesh,2018,453190044.0,977907.0,25.6,1044.75,48.93,70,40,20,7.4,1.444901961
maharashtra,2018,229909579.0,496105.75,26.93,2077.63,64.7,75,43,26,7.1,1.657916667
maharashtra,2018,7711150.2,16639.35,26.93,2077.63,64.7,75,43,26,7.1,2.755833333
manipur,2018,37873700.0,81725.0,19.92,1486.52,80.21,58,17,37,5.9,2.232222222
mizoram,2018,3074825.4,6634.95,22.16,2814.98,84.65,54,15,34,5.7,1.215
mizoram,2018,2616772.6,5646.55,22.16,2814.98,84.65,54,15,34,5.7,2.1975
mizoram,2018,74612.0,161.0,22.16,2814.98,84.65,54,15,34,5.7,2.115
nagaland,2018,33898178.0,73146.5,18.02,1709.04,77.96,56,16,36,5.8,2.444545455
nagaland,2018,885612.0,1911.0,18.02,1709.04,77.96,56,16,36,5.8,2.8275
punjab,2018,503306600.0,1086050.0,23.57,1425.82,53.02,150,50,40,8.0,4.011818182
telangana,2018,192898620.8,416242.4,26.52,551.12,53.79,77,48,24,7.0,3.3065625
telangana,2018,120434797.6,259877.8,26.52,551.12,53.79,77,48,24,7.0,3.208125
tripura,2018,5732148.0,12369.0,24.74,2745.03,79.71,62,20,35,5.9,2.50625
tripura,2018,2494960.4,5383.7,24.74,2745.03,79.71,62,20,35,5.9,1.05375
tripura,2018,11474352.4,24759.7,24.74,2745.03,79.71,62,20,35,5.9,3.0775
tripura,2018,23989380.0,51765.0,24.74,2745.03,79.71,62,20,35,5.9,3.03375
uttar pradesh,2018,956166242.6,2063244.05,25.95,1381.52,52.36,120,45,35,7.6,2.6056
uttar pradesh,2018,4727319.0,10200.75,25.95,1381.52,52.36,120,45,35,7.6,2.662631579
uttarakhand,2018,39522625.2,85283.1,17.97,1510.52,57.73,80,24,38,6.4,1.804615385
uttarakhand,2018,2543620.4,5488.7,17.97,1510.52,57.73,80,24,38,6.4,3.283333333
west bengal,2018,37464956.0,80843.0,25.54,1433.2,73.36,85,40,45,6.2,2.672380952
west bengal,2018,207534900.0,447825.0,25.54,1433.2,73.36,85,40,45,6.2,3.45952381
west bengal,2018,649139322.4,1400732.2,25.54,1433.2,73.36,85,40,45,6.2,2.744545455
arunachal pradesh,2019,22929960.0,49395.0,22.52,2411.52,78.3,55,15,35,5.5,1.7792
bihar,2019,76255428.4,164267.05,26.61,921.63,57.02,85,30,25,7.2,1.759583333
bihar,2019,10374132.24,22347.63,26.61,921.63,57.02,85,30,25,7.2,2.142857143
bihar,2019,445378145.8,959419.62,26.61,921.63,57.02,85,30,25,7.2,2.173157895
chhattisgarh,2019,732731938.7,1578428.14,26.33,1567.15,60.28,70,35,20,6.5,1.936428571
gujarat,2019,145927124.2,314351.63,27.13,977.56,55.15,75,38,28,7.8,1.948571429
gujarat,2019,9404031.76,20257.87,27.13,977.56,55.15,75,38,28,7.8,2.848571429
haryana,2019,267756664.0,576793.0,23.3,1138.97,55.64,130,48,35,7.9,3.048095238
himachal pradesh,2019,12473211.2,26869.4,20.23,1189.51,58.7,60,20,40,6.0,1.656363636
jharkhand,2019,233203017.8,502358.62,23.55,1350.34,63.78,68,22,30,6.1,2.663333333
madhya pradesh,2019,528333760.0,1138120.0,25.11,1870.12,56.0,70,40,20,7.4,1.858
madhya pradesh,2019,5893257.36,12695.07,25.11,1870.12,56.0,70,40,20,7.4,0.8775
maharashtra,2019,253877253.7,546894.41,26.96,3387.29,68.18,75,43,26,7.1,1.256296296
maharashtra,2019,12864136.96,27711.52,26.96,3387.29,68.18,75,43,26,7.1,2.660833333
mizoram,2019,3179277.6,6848.7,22.84,3082.44,80.4,54,15,34,5.7,1.18875
mizoram,2019,2788008.32,6005.84,22.84,3082.44,80.4,54,15,34,5.7,2.2025
mizoram,2019,80383.68,173.16,22.84,3082.44,80.4,54,15,34,5.7,2.135
nagaland,2019,36289452.8,78173.6,18.3,1569.19,76.56,56,16,36,5.8,2.459090909
nagaland,2019,973879.2,2097.9,18.3,1569.19,76.56,56,16,36,5.8,2.83
odisha,2019,73183500.8,157649.6,26.42,1686.78,74.06,67,26,32,6.3,1.8825
odisha,2019,50258693.6,108265.7,26.42,1686.78,74.06,67,26,32,6.3,2.796896552
odisha,2019,553414155.2,1192147.4,26.42,1686.78,74.06,67,26,32,6.3,2.564666667
punjab,2019,539669920.0,1162540.0,23.3,1138.97,55.64,150,50,40,8.0,3.930909091
telangana,2019,280166495.8,603525.87,26.62,753.33,60.74,77,48,24,7.0,3.575625
telangana,2019,272250249.1,586472.94,26.62,753.33,60.74,77,48,24,7.0,3.610625
tripura,2019,5880203.6,12666.95,25.35,3054.79,77.35,62,20,35,5.9,2.6425
tripura,2019,2615561.28,5634.36,25.35,3054.79,77.35,62,20,35,5.9,1.06875
tripura,2019,12122305.52,26113.49,25.35,3054.79,77.35,62,20,35,5.9,3.13
tripura,2019,25299389.2,54499.15,25.35,3054.79,77.35,62,20,35,5.9,3.17375
uttar pradesh,2019,1013158994.0,2182515.3,25.4,1300.6,58.93,120,45,35,7.6,2.823466667
uttar pradesh,2019,4407189.84,9493.83,25.4,1300.6,58.93,120,45,35,7.6,2.968717949
uttarakhand,2019,41292993.36,88952.07,17.49,1188.05,60.78,80,24,38,6.4,1.933846154
uttarakhand,2019,2983471.2,6426.9,17.49,1188.05,60.78,80,24,38,6.4,3.563333333
west bengal,2019,36950041.76,79596.62,26.15,1624.7,73.63,85,40,45,6.2,2.434285714
west bengal,2019,218439558.7,470555.64,26.15,1624.7,73.63,85,40,45,6.2,3.464285714
west bengal,2019,687740265.5,1481508.49,26.15,1624.7,73.63,85,40,45,6.2,2.771363636
uttarakhand,2020,46841228.96,89516.32,17.09,1333.54,61.69,80,24,38,6.4,2.093076923
uttarakhand,2020,2965137.15,5666.55,17.09,1333.54,61.69,80,24,38,6.4,3.563333333
haryana,1997,86890210.0,283030.0,23.39,942.38,46.2,130,48,35,7.9,2.730588235
nagaland,1997,13799650.0,44950.0,17.52,997.45,70.1,56,16,36,5.8,1.29
nagaland,1997,19034.0,62.0,17.52,997.45,70.1,56,16,36,5.8,1.3
delhi,1998,721536.4,2117.87,25.2,829.95,48.23,90,40,30,7.5,1.48
andhra pradesh,1999,302342507.2,769174.38,28.03,603.67,66.91,78,45,22,6.8,2.400869565
andhra pradesh,1999,123689633.0,314672.58,28.03,603.67,66.91,78,45,22,6.8,2.73
delhi,1999,860183.65,2188.35,26.75,469.84,35.3,90,40,30,7.5,1.89
jammu and kashmir,1999,26598831.25,67668.75,10.53,249.24,40.71,70,25,42,6.7,1.489166667
delhi,2000,594223.01,1573.78,26.03,640.85,37.44,90,40,30,7.5,1.89
jammu and kashmir,2000,23958486.67,63453.26,9.95,303.74,42.89,70,25,42,6.7,1.6
delhi,2001,654142.65,1665.3,26.34,511.01,36.54,90,40,30,7.5,1.88
jammu and kashmir,2001,25515137.9,64955.8,10.14,426.46,44.64,70,25,42,6.7,1.634166667
delhi,2002,577108.32,1524.0,26.72,594.3,38.22,90,40,30,7.5,2.12
jammu and kashmir,2002,22360959.33,59049.75,10.05,430.69,44.36,70,25,42,6.7,1.708333333
puducherry,2002,2285523.14,6035.5,28.22,861.71,74.5,88,55,40,7.0,2.56
uttar pradesh,2002,493148999.8,1302284.25,26.95,658.13,43.44,120,45,35,7.6,1.765942029
uttar pradesh,2002,406323.64,1073.0,26.95,658.13,43.44,120,45,35,7.6,1.960952381
himachal pradesh,2003,8050538.3,19520.4,21.07,1058.23,47.81,60,20,40,6.0,1.469090909
jammu and kashmir,2003,25716488.7,62355.6,8.83,843.02,53.98,70,25,42,6.7,1.870833333
himachal pradesh,2004,8615088.46,16698.99,21.64,951.26,45.48,60,20,40,6.0,1.454545455
jammu and kashmir,2004,27089766.96,52509.24,9.73,558.76,49.47,70,25,42,6.7,1.838333333
odisha,2004,89272160.0,173040.0,26.13,1134.49,71.98,67,26,32,6.3,0.98
odisha,2004,31743620.0,61530.0,26.13,1134.49,71.98,67,26,32,6.3,1.938148148
odisha,2004,365647500.0,708750.0,26.13,1134.49,71.98,67,26,32,6.3,1.511333333
uttar pradesh,2004,642933437.7,1246225.05,25.92,866.58,50.92,120,45,35,7.6,1.827714286
jammu and kashmir,2005,31060958.88,54392.94,8.63,575.81,53.2,70,25,42,6.7,2.040833333
uttar pradesh,2005,668137158.1,1170020.04,25.92,949.68,51.09,120,45,35,7.6,1.951714286
jammu and kashmir,2006,32248818.36,55553.52,9.35,819.81,56.55,70,25,42,6.7,2.060833333
delhi,2007,989694.6,1187.04,25.73,810.14,45.85,90,40,30,7.5,2.82
jammu and kashmir,2007,35117016.4,42119.36,9.55,553.51,51.34,70,25,42,6.7,1.9745
delhi,2008,1006858.56,633.51,24.98,925.07,50.12,90,40,30,7.5,2.82
delhi,2009,1062848.22,1159.57,26.2,698.05,43.39,90,40,30,7.5,2.79
jammu and kashmir,2009,40496371.44,44181.64,9.04,557.76,51.57,70,25,42,6.7,1.859
delhi,2010,1137521.28,1643.52,25.88,1021.53,50.14,90,40,30,7.5,2.79
delhi,2011,1214184.96,2391.84,24.75,806.99,53.72,90,40,30,7.5,2.79
jammu and kashmir,2011,43918550.88,86515.77,8.99,671.58,55.1,70,25,42,6.7,2.0225
delhi,2012,915054.4,1881.08,25.2,672.75,43.27,90,40,30,7.5,3.26
jammu and kashmir,2012,39458780.4,81115.53,8.4,595.6,56.31,70,25,42,6.7,1.8875
puducherry,2012,536697.2,1103.29,28.05,945.7,74.75,88,55,40,7.0,3.076666667
puducherry,2012,1354033.2,2783.49,28.05,945.7,74.75,88,55,40,7.0,3.233333333
puducherry,2012,564444.4,1160.33,28.05,945.7,74.75,88,55,40,7.0,2.54
delhi,2013,876765.32,1638.36,24.34,1166.19,53.91,90,40,30,7.5,3.26
puducherry,2013,530422.79,991.17,28.11,972.61,74.59,88,55,40,7.0,2.696666667
puducherry,2013,1211115.18,2263.14,28.11,972.61,74.59,88,55,40,7.0,3.78
puducherry,2013,544582.81,1017.63,28.11,972.61,74.59,88,55,40,7.0,3.41
delhi,2014,911043.6,1991.55,25.44,589.95,42.63,90,40,30,7.5,2.86
jammu and kashmir,2014,41643976.56,91034.13,8.7,817.82,57.75,70,25,42,6.7,1.098947368
puducherry,2014,549947.28,1202.19,28.1,1061.01,74.27,88,55,40,7.0,2.936666667
puducherry,2014,1359545.76,2971.98,28.1,1061.01,74.27,88,55,40,7.0,3.506666667
puducherry,2014,604594.8,1321.65,28.1,1061.01,74.27,88,55,40,7.0,3.62
delhi,2015,929142.44,1941.72,25.34,771.59,44.69,90,40,30,7.5,2.86
jammu and kashmir,2015,48084068.73,100485.99,8.76,1254.78,62.3,70,25,42,6.7,2.05
delhi,2016,915362.25,2090.55,26.27,677.81,39.78,90,40,30,7.5,2.89
jammu and kashmir,2016,43437639.75,99205.05,10.36,747.32,54.96,70,25,42,6.7,2.0255
delhi,2017,921653.76,2224.52,25.82,672.17,42.58,90,40,30,7.5,2.88
jammu and kashmir,2017,43072750.08,103961.16,8.95,1041.73,60.39,70,25,42,6.7,2.31
delhi,2018,948545.6,2046.8,25.45,846.08,47.0,90,40,30,7.5,2.88
jammu and kashmir,2018,42498346.4,91704.2,9.45,814.65,55.72,70,25,42,6.7,2.35
delhi,2019,1004452.48,2163.76,25.47,618.71,49.1,90,40,30,7.5,3.01
jammu and kashmir,2019,48180912.88,103789.81,7.64,1323.46,67.07,70,25,42,6.7,2.0755
manipur,1997,14751.35,48.05,19.88,1143.54,69.39,58,17,37,5.9,2.075555556
manipur,1998,8730956.0,25627.3,20.69,1138.92,70.73,58,17,37,5.9,2.094444444
manipur,1998,7757776.0,22770.8,20.69,1138.92,70.73,58,17,37,5.9,2.2175
manipur,1999,16667716.5,42403.5,21.24,939.9,66.0,58,17,37,5.9,2.171111111
manipur,2000,15401891.3,40791.4,20.53,881.03,67.98,58,17,37,5.9,2.26
manipur,2001,16603274.1,42268.2,21.19,746.54,65.33,58,17,37,5.9,2.234444444
manipur,2002,14494923.7,38277.5,20.75,1116.15,69.08,58,17,37,5.9,2.034444444
manipur,2004,19101425.4,37025.1,20.24,1147.94,72.54,58,17,37,5.9,2.327777778
puducherry,2004,675716.58,1309.77,27.67,1307.68,76.32,88,55,40,7.0,2.76
puducherry,2004,616346.26,1194.69,27.67,1307.68,76.32,88,55,40,7.0,2.73
puducherry,2004,1397152.64,2708.16,27.67,1307.68,76.32,88,55,40,7.0,2.803333333
manipur,2005,19937899.2,34914.6,20.79,1151.48,72.59,58,17,37,5.9,2.238888889
puducherry,2005,641332.16,1123.08,28.11,1606.86,76.35,88,55,40,7.0,2.57
puducherry,2005,619626.64,1085.07,28.11,1606.86,76.35,88,55,40,7.0,1.845
puducherry,2005,1488207.2,2606.1,28.11,1606.86,76.35,88,55,40,7.0,2.89
manipur,2006,21119402.7,36381.4,21.21,891.77,67.6,58,17,37,5.9,2.276666667
manipur,2007,22164410.0,26584.0,20.15,1350.9,73.12,58,17,37,5.9,2.378888889
sikkim,1997,1493312.47,4864.21,6.26,788.56,69.8,50,20,30,5.5,1.365
sikkim,1998,1568351.2,4603.46,7.64,860.21,71.09,50,20,30,5.5,1.3775
sikkim,1999,1688316.04,4295.16,7.91,832.0,67.1,50,20,30,5.5,1.465
sikkim,2000,1493951.06,3956.68,6.98,709.04,70.32,50,20,30,5.5,1.4225
sikkim,2001,1521737.0,3874.0,7.51,800.67,68.47,50,20,30,5.5,1.4275
sikkim,2002,1400169.3,3697.5,7.24,740.4,72.52,50,20,30,5.5,1.4325
sikkim,2003,1458965.2,3537.6,7.28,793.29,71.84,50,20,30,5.5,1.4275
sikkim,2004,982643.8,1904.7,7.27,788.07,73.74,50,20,30,5.5,4.7875
sikkim,2005,1174016.8,2055.9,7.37,854.12,71.66,50,20,30,5.5,5.3425
sikkim,2006,1174932.0,2024.0,7.82,761.88,70.94,50,20,30,5.5,4.84
sikkim,2007,1582124.0,1897.6,7.57,914.37,72.94,50,20,30,5.5,1.5475
sikkim,2008,1859520.0,1170.0,7.31,876.35,74.08,50,20,30,5.5,1.5925
sikkim,2009,1911911.4,2085.9,7.76,924.82,70.34,50,20,30,5.5,1.595
sikkim,2010,2016575.4,2913.6,7.81,1155.04,71.24,50,20,30,5.5,1.6225
sikkim,2011,2021966.4,3983.1,7.15,1064.45,75.11,50,20,30,5.5,1.6225
sikkim,2012,1797536.0,3695.2,7.07,887.94,69.83,50,20,30,5.5,1.7175
sikkim,2013,1612219.42,3012.66,7.49,1122.24,70.75,50,20,30,5.5,1.76
sikkim,2014,1666598.4,3643.2,7.61,900.55,73.12,50,20,30,5.5,1.76
sikkim,2015,1684741.79,3520.77,7.55,951.55,78.01,50,20,30,5.5,1.7925
sikkim,2016,1606213.25,3668.35,7.94,1613.4,76.64,50,20,30,5.5,1.8075
sikkim,2017,1495837.44,3610.38,7.76,1475.83,77.31,50,20,30,5.5,1.815
sikkim,2018,1501323.2,3239.6,7.2,1519.09,77.58,50,20,30,5.5,1.82
sikkim,2019,1491735.6,3213.45,7.21,1606.09,78.68,50,20,30,5.5,1.8225
goa,2004,5681566.28,11012.82,27.38,1568.21,73.16,65,25,45,6.2,2.75
goa,2005,6257065.84,10957.17,27.19,2305.82,73.96,65,25,45,6.2,2.81
goa,2006,6766714.35,11656.7,27.19,2227.9,74.83,65,25,45,6.2,2.41
goa,2007,6962279.4,8350.56,27.27,2690.89,75.0,65,25,45,6.2,2.32
mizoram,1998,6162353.6,18087.88,23.08,1879.55,76.78,54,15,34,5.7,1.5225
mizoram,1998,594776.0,1745.8,23.08,1879.55,76.78,54,15,34,5.7,4.39
mizoram,1999,5276040.69,13422.51,23.61,1417.61,71.73,54,15,34,5.7,1.655
tripura,1999,24639140.8,62683.2,25.82,1694.79,71.12,62,20,35,5.9,2.075
tripura,2000,23862181.9,63198.2,24.84,1995.81,75.04,62,20,35,5.9,2.185
tripura,2001,25200577.5,64155.0,25.06,2076.34,73.48,62,20,35,5.9,2.28
tripura,2002,24166410.9,63817.5,25.18,1992.18,74.56,62,20,35,5.9,2.255
tripura,2003,25481411.2,61785.6,25.03,1818.04,76.01,62,20,35,5.9,2.31
mizoram,2004,6184588.9,11987.85,22.96,1595.77,75.51,54,15,34,5.7,1.9225
mizoram,2006,6464552.49,11136.18,23.4,1492.09,73.44,54,15,34,5.7,0.4525
mizoram,2006,285048.72,491.04,23.4,1492.09,73.44,54,15,34,5.7,1.58
mizoram,2007,7256026.2,8702.88,22.51,2380.67,78.62,54,15,34,5.7,0.2625
mizoram,2007,19743.2,23.68,22.51,2380.67,78.62,54,15,34,5.7,1.264
mizoram,2008,7417911.36,4667.31,22.79,1576.57,78.49,54,15,34,5.7,1.20625
mizoram,2008,18738.24,11.79,22.79,1576.57,78.49,54,15,34,5.7,2.555
mizoram,2009,7336784.7,8004.45,23.14,2193.41,77.35,54,15,34,5.7,1.3175
mizoram,2009,18542.58,20.23,23.14,2193.41,77.35,54,15,34,5.7,2.0
arunachal pradesh,1998,11409522.8,33489.49,22.25,1983.05,71.41,55,15,35,5.5,0.965384615
arunachal pradesh,1999,13026396.2,33139.8,22.77,1837.33,68.44,55,15,35,5.5,1.097692308
arunachal pradesh,2000,11643060.17,30836.26,21.83,2029.07,72.32,55,15,35,5.5,1.066153846
arunachal pradesh,2001,12199939.15,31058.3,22.41,1528.72,70.58,55,15,35,5.5,1.135384615
arunachal pradesh,2002,11794367.28,31146.0,22.38,1782.25,70.83,55,15,35,5.5,1.182666667
arunachal pradesh,2003,11798910.9,28609.2,22.16,1981.32,73.68,55,15,35,5.5,1.201333333
arunachal pradesh,2004,13178694.28,25544.82,21.61,2342.52,76.43,55,15,35,5.5,1.080625
arunachal pradesh,2005,14662258.64,25676.07,21.99,1846.11,76.07,55,15,35,5.5,1.16125
arunachal pradesh,2006,15713182.98,27068.36,22.48,1834.1,72.0,55,15,35,5.5,1.151875
arunachal pradesh,2007,16545468.6,19844.64,21.91,2462.3,74.93,55,15,35,5.5,1.225625
arunachal pradesh,2008,18137328.96,11411.91,21.7,2161.52,76.96,55,15,35,5.5,1.183125
arunachal pradesh,2009,18927143.76,20649.56,22.15,2029.0,75.82,55,15,35,5.5,1.12
arunachal pradesh,2010,20193992.7,29176.8,21.93,2691.02,78.47,55,15,35,5.5,1.219375
arunachal pradesh,2011,20688720.0,40755.0,21.61,2114.84,77.85,55,15,35,5.5,1.21875
arunachal pradesh,2012,19013618.0,39086.35,22.11,2351.92,77.38,55,15,35,5.5,1.308125
arunachal pradesh,2013,19071090.61,35637.03,22.6,2049.22,77.36,55,15,35,5.5,1.300588235
arunachal pradesh,2014,19202112.0,41976.0,22.88,2108.83,76.96,55,15,35,5.5,1.447058824
arunachal pradesh,2015,20338808.0,42504.0,22.7,2410.94,79.17,55,15,35,5.5,2.0875
goa,1997,1443633.73,4702.39,27.26,2291.68,74.12,65,25,45,6.2,2.69
goa,1997,610705.89,1989.27,27.26,2291.68,74.12,65,25,45,6.2,2.97
arunachal pradesh,1997,11422303.4,37206.2,21.37,1944.43,71.7,55,15,35,5.5,1.06
odisha,1998,80989422.8,237721.99,26.85,1487.76,73.65,67,26,32,6.3,0.837666667
odisha,1998,26486402.8,77743.49,26.85,1487.76,73.65,67,26,32,6.3,1.582666667
odisha,1998,331859418.8,974081.29,26.85,1487.76,73.65,67,26,32,6.3,1.342333333
odisha,2005,93657520.0,164010.0,26.68,1639.58,71.95,67,26,32,6.3,1.016428571
odisha,2005,38974000.0,68250.0,26.68,1639.58,71.95,67,26,32,6.3,2.04
odisha,2005,404490160.0,708330.0,26.68,1639.58,71.95,67,26,32,6.3,1.639666667
odisha,2006,96676470.0,166540.0,26.11,1755.76,73.83,67,26,32,6.3,1.056785714
odisha,2006,40228650.0,69300.0,26.11,1755.76,73.83,67,26,32,6.3,2.012
odisha,2006,431532090.0,743380.0,26.11,1755.76,73.83,67,26,32,6.3,1.580333333
odisha,2007,98982800.0,118720.0,26.18,1650.41,73.92,67,26,32,6.3,1.082857143
odisha,2007,44555600.0,53440.0,26.18,1650.41,73.92,67,26,32,6.3,2.108928571
odisha,2007,450358400.0,540160.0,26.18,1650.41,73.92,67,26,32,6.3,1.747
odisha,2008,101129280.0,63630.0,25.98,1798.14,75.13,67,26,32,6.3,1.062142857
odisha,2008,47346240.0,29790.0,25.98,1798.14,75.13,67,26,32,6.3,2.051538462
odisha,2008,488767680.0,307530.0,25.98,1798.14,75.13,67,26,32,6.3,1.545333333
goa,2008,4811579.52,3027.42,27.21,1926.63,73.51,65,25,45,6.2,2.325
goa,2008,2244011.52,1411.92,27.21,1926.63,73.51,65,25,45,6.2,2.755
odisha,2009,107048340.0,116790.0,27.04,1327.64,69.73,67,26,32,6.3,1.024074074
odisha,2009,41292300.0,45050.0,27.04,1327.64,69.73,67,26,32,6.3,2.163636364
odisha,2009,531813660.0,580210.0,27.04,1327.64,69.73,67,26,32,6.3,1.575666667
goa,2009,4856286.12,5298.22,27.55,2250.34,74.87,65,25,45,6.2,1.895
goa,2009,2483459.16,2709.46,27.55,2250.34,74.87,65,25,45,6.2,2.57
odisha,2010,112622580.0,162720.0,26.94,1457.71,72.42,67,26,32,6.3,0.939642857
odisha,2010,48670230.0,70320.0,26.94,1457.71,72.42,67,26,32,6.3,2.1024
odisha,2010,540688050.0,781200.0,26.94,1457.71,72.42,67,26,32,6.3,1.633
goa,2010,5088281.52,7351.68,27.57,2687.82,76.13,65,25,45,6.2,2.35
goa,2010,2654437.8,3835.2,27.57,2687.82,76.13,65,25,45,6.2,2.68
odisha,2011,89790720.0,176880.0,26.08,1571.55,73.33,67,26,32,6.3,0.8
odisha,2011,39534720.0,77880.0,26.08,1571.55,73.33,67,26,32,6.3,2.363913043
odisha,2011,541592160.0,1066890.0,26.08,1571.55,73.33,67,26,32,6.3,1.405333333
goa,2011,5234497.44,10311.51,27.27,2167.67,73.98,65,25,45,6.2,2.495
goa,2011,2678644.8,5276.7,27.27,2167.67,73.98,65,25,45,6.2,2.7
odisha,2012,84598800.0,173910.0,26.55,1398.23,70.87,67,26,32,6.3,1.56
odisha,2012,1301253200.0,2674990.0,26.55,1398.23,70.87,67,26,32,6.3,0.077333333
odisha,2012,480750400.0,988280.0,26.55,1398.23,70.87,67,26,32,6.3,2.490666667
goa,2012,4713254.0,9689.05,27.26,1947.68,73.08,65,25,45,6.2,2.59
goa,2012,2197910.0,4518.25,27.26,1947.68,73.08,65,25,45,6.2,2.85
odisha,2013,84093180.0,157140.0,26.41,1678.58,71.56,67,26,32,6.3,1.2972
odisha,2013,43347000.0,81000.0,26.41,1678.58,71.56,67,26,32,6.3,2.857307692
odisha,2013,476528020.0,890460.0,26.41,1678.58,71.56,67,26,32,6.3,1.853
odisha,2014,88009680.0,192390.0,26.21,1552.0,72.52,67,26,32,6.3,1.599166667
odisha,2014,45438960.0,99330.0,26.21,1552.0,72.52,67,26,32,6.3,2.62
odisha,2014,495450720.0,1083060.0,26.21,1552.0,72.52,67,26,32,6.3,2.379333333
odisha,2015,85429310.0,178530.0,26.57,1135.26,71.2,67,26,32,6.3,0.864583333
odisha,2015,36950940.0,77220.0,26.57,1135.26,71.2,67,26,32,6.3,2.619090909
odisha,2015,500100970.0,1045110.0,26.57,1135.26,71.2,67,26,32,6.3,1.417666667
odisha,2016,78395037.5,179042.5,26.8,1431.86,71.57,67,26,32,6.3,1.444074074
odisha,2016,34447535.0,78673.0,26.8,1431.86,71.57,67,26,32,6.3,2.745333333
odisha,2016,494453462.5,1129257.5,26.8,1431.86,71.57,67,26,32,6.3,2.543
odisha,2017,83493580.8,201521.6,26.52,1673.82,73.5,67,26,32,6.3,1.218928571
odisha,2017,34942233.6,84337.2,26.52,1673.82,73.5,67,26,32,6.3,2.673571429
odisha,2017,474544627.2,1145369.4,26.52,1673.82,73.5,67,26,32,6.3,1.747
odisha,2018,73698814.0,159029.5,25.89,1803.55,73.26,67,26,32,6.3,1.322916667
odisha,2018,44480106.0,95980.5,25.89,1803.55,73.26,67,26,32,6.3,2.586071429
odisha,2018,507819004.0,1095787.0,25.89,1803.55,73.26,67,26,32,6.3,1.982333333
nagaland,1998,13930800.0,40890.0,18.55,915.19,69.91,56,16,36,5.8,1.441428571
jammu and kashmir,1997,26242746.82,85481.26,8.63,447.57,52.51,70,25,42,6.7,0.016666667
